time,gFx,gFy,gFz,TgF
0.002966462,-0.9958,-0.0554,0.1509,1.009
0.003369,-0.9956,-0.0564,0.1495,1.008
0.003483462,-0.9979,-0.0566,0.1502,1.011
0.003577616,-0.9961,-0.0535,0.1514,1.009
0.00528,-0.9949,-0.0566,0.1512,1.008
0.006655154,-0.9905,-0.0559,0.1495,1.003
0.009008,-0.9954,-0.0562,0.1500,1.008
0.011818539,-0.9944,-0.0550,0.1500,1.007
0.016724616,-0.9951,-0.0557,0.1514,1.008
0.017024923,-0.9958,-0.0552,0.1530,1.009
0.020227154,-0.9951,-0.0557,0.1505,1.008
0.023796,-0.9966,-0.0574,0.1530,1.010
0.024041308,-0.9988,-0.0584,0.1498,1.012
0.028342154,-0.9963,-0.0559,0.1500,1.009
0.028573539,-0.9979,-0.0574,0.1530,1.011
0.030349,-0.9963,-0.0545,0.1521,1.009
0.032663077,-0.9983,-0.0559,0.1521,1.011
0.035191462,-0.9983,-0.0554,0.1521,1.011
0.038556308,-0.9949,-0.0577,0.1517,1.008
0.039671693,-0.9963,-0.0564,0.1519,1.009
0.042081231,-0.9979,-0.0577,0.1517,1.011
0.044227693,-0.9991,-0.0591,0.1512,1.012
0.048861616,-0.9973,-0.0542,0.1534,1.011
0.049628616,-0.9981,-0.0574,0.1509,1.011
0.051332693,-0.9981,-0.0582,0.1532,1.011
0.053776385,-0.9981,-0.0562,0.1493,1.011
0.056425539,-0.9973,-0.0577,0.1498,1.010
0.062993231,-1.0000,-0.0564,0.1526,1.013
0.063692308,-1.0024,-0.0569,0.1490,1.015
0.063821231,-1.0024,-0.0579,0.1512,1.015
0.065763385,-0.9981,-0.0613,0.1488,1.011
0.068073231,-1.0035,-0.0574,0.1505,1.016
0.071208077,-1.0022,-0.0566,0.1507,1.015
0.072771077,-1.0030,-0.0584,0.1490,1.016
0.075039462,-1.0039,-0.0589,0.1490,1.017
0.077553616,-1.0037,-0.0574,0.1505,1.017
0.080291385,-1.0039,-0.0591,0.1530,1.017
0.082589616,-1.0054,-0.0601,0.1488,1.018
0.084713308,-1.0066,-0.0569,0.1500,1.019
0.087277539,-1.0054,-0.0574,0.1505,1.018
0.089595693,-1.0059,-0.0554,0.1493,1.018
0.092299385,-1.0073,-0.0591,0.1476,1.020
0.094292308,-1.0039,-0.0566,0.1509,1.017
0.096363077,-1.0024,-0.0586,0.1495,1.015
0.098829539,-1.0015,-0.0586,0.1493,1.014
0.101206462,-1.0019,-0.0594,0.1481,1.015
0.104024923,-1.0030,-0.0562,0.1493,1.016
0.105978846,-1.0015,-0.0562,0.1495,1.014
0.108518539,-0.9991,-0.0562,0.1483,1.012
0.111505539,-0.9986,-0.0554,0.1476,1.011
0.11366677,-0.9986,-0.0547,0.1490,1.011
0.115574231,-0.9963,-0.0582,0.1483,1.009
0.121526539,-0.9968,-0.0547,0.1483,1.009
0.122015077,-0.9983,-0.0589,0.1486,1.011
0.122553923,-0.9951,-0.0584,0.1476,1.008
0.126977539,-0.9954,-0.0586,0.1474,1.008
0.127455385,-0.9973,-0.0577,0.1500,1.010
0.133072308,-0.9973,-0.0577,0.1502,1.010
0.133323693,-0.9973,-0.0574,0.1498,1.010
0.134270462,-1.0005,-0.0584,0.1498,1.013
0.136905923,-1.0012,-0.0564,0.1507,1.014
0.139093616,-1.0007,-0.0579,0.1512,1.014
0.14141177,-1.0000,-0.0571,0.1502,1.013
0.143759154,-0.9998,-0.0584,0.1512,1.013
0.156675154,-0.9991,-0.0566,0.1542,1.012
0.157273,-0.9998,-0.0577,0.1500,1.013
0.15759877,-1.0030,-0.0586,0.1509,1.016
0.157982462,-1.0028,-0.0582,0.1517,1.016
0.158296385,-1.0007,-0.0579,0.1521,1.014
0.160143462,-0.9998,-0.0562,0.1517,1.013
0.160573923,-1.0000,-0.0569,0.1524,1.013
0.165344923,-1.0007,-0.0559,0.1517,1.014
0.165972,-0.9993,-0.0586,0.1509,1.012
0.16938677,-0.9966,-0.0598,0.1524,1.010
0.169676385,-0.9986,-0.0596,0.1532,1.012
0.176787693,-0.9981,-0.0589,0.1509,1.011
0.17766377,-0.9983,-0.0584,0.1539,1.012
0.177940616,-0.9944,-0.0552,0.1524,1.008
0.179783154,-0.9966,-0.0562,0.1512,1.010
0.181037846,-0.9970,-0.0577,0.1532,1.010
0.183486231,-0.9956,-0.0574,0.1524,1.009
0.186083154,-0.9961,-0.0571,0.1514,1.009
0.188476385,-0.9954,-0.0584,0.1517,1.009
0.191371077,-0.9995,-0.0582,0.1537,1.013
0.193428923,-1.0000,-0.0571,0.1537,1.013
0.195599462,-1.0010,-0.0559,0.1544,1.014
0.19839877,-1.0010,-0.0550,0.1542,1.014
0.200358231,-1.0035,-0.0598,0.1537,1.017
0.204407385,-1.0042,-0.0584,0.1524,1.017
0.205330231,-1.0015,-0.0596,0.1526,1.015
0.207997231,-1.0049,-0.0566,0.1534,1.018
0.210744693,-1.0030,-0.0577,0.1498,1.016
0.215636077,-1.0039,-0.0582,0.1514,1.017
0.216036,-1.0037,-0.0598,0.1519,1.017
0.216984,-1.0042,-0.0596,0.1546,1.018
0.219498462,-1.0030,-0.0591,0.1534,1.016
0.22226377,-1.0003,-0.0562,0.1539,1.014
0.224147077,-1.0044,-0.0582,0.1512,1.017
0.226962231,-1.0028,-0.0569,0.1537,1.016
0.228925846,-1.0039,-0.0586,0.1526,1.017
0.231129846,-1.0042,-0.0579,0.1530,1.017
0.233574154,-1.0047,-0.0582,0.1532,1.018
0.235790539,-1.0056,-0.0569,0.1514,1.019
0.238809616,-1.0037,-0.0566,0.1526,1.017
0.240681923,-1.0015,-0.0601,0.1502,1.015
0.243480077,-1.0017,-0.0608,0.1488,1.015
0.245441,-1.0028,-0.0557,0.1514,1.016
0.257180308,-1.0010,-0.0559,0.1507,1.014
0.257520616,-0.9979,-0.0569,0.1493,1.011
0.257669923,-0.9973,-0.0598,0.1478,1.010
0.257785,-0.9947,-0.0598,0.1490,1.008
0.258003462,-0.9995,-0.0552,0.1509,1.012
0.259439385,-1.0000,-0.0559,0.1509,1.013
0.268425539,-0.9995,-0.0586,0.1490,1.012
0.26913477,-0.9979,-0.0594,0.1500,1.011
0.269403154,-0.9949,-0.0574,0.1490,1.008
0.269596693,-0.9979,-0.0577,0.1495,1.011
0.272271693,-0.9961,-0.0562,0.1498,1.009
0.273410231,-0.9958,-0.0562,0.1486,1.008
0.276558231,-0.9939,-0.0574,0.1514,1.007
0.278224077,-0.9956,-0.0569,0.1517,1.009
0.280717539,-0.9975,-0.0550,0.1505,1.010
0.282884077,-0.9983,-0.0554,0.1524,1.011
0.285270462,-1.0019,-0.0564,0.1534,1.015
0.287624923,-0.9968,-0.0559,0.1519,1.010
0.292117846,-1.0015,-0.0569,0.1526,1.015
0.292519077,-0.9981,-0.0564,0.1505,1.011
0.296904308,-1.0015,-0.0569,0.1512,1.014
0.297506231,-1.0024,-0.0547,0.1498,1.015
0.299405308,-1.0012,-0.0554,0.1514,1.014
0.302757231,-0.9993,-0.0554,0.1481,1.012
0.304354539,-1.0015,-0.0564,0.1500,1.014
0.307941,-1.0019,-0.0566,0.1495,1.015
0.309103385,-0.9993,-0.0566,0.1493,1.012
0.31167477,-0.9998,-0.0591,0.1481,1.012
0.313652693,-1.0010,-0.0564,0.1495,1.014
0.316821923,-1.0024,-0.0564,0.1500,1.015
0.318749923,-1.0039,-0.0579,0.1474,1.016
0.320920923,-1.0007,-0.0586,0.1465,1.013
0.323613,-1.0003,-0.0577,0.1468,1.013
0.325428693,-0.9986,-0.0589,0.1481,1.011
0.32806,-0.9988,-0.0606,0.1470,1.011
0.330144385,-1.0003,-0.0582,0.1478,1.013
0.332625846,-1.0012,-0.0591,0.1490,1.014
0.334996308,-1.0000,-0.0579,0.1498,1.013
0.346831154,-1.0022,-0.0574,0.1519,1.015
0.347687462,-1.0032,-0.0591,0.1486,1.016
0.348044,-1.0059,-0.0603,0.1498,1.019
0.348304693,-1.0042,-0.0613,0.1500,1.017
0.348600923,-0.9988,-0.0601,0.1519,1.012
0.349760923,-1.0019,-0.0594,0.1514,1.015
0.351493846,-1.0032,-0.0610,0.1509,1.016
0.354498539,-1.0003,-0.0569,0.1498,1.013
0.356206846,-1.0015,-0.0564,0.1532,1.015
0.358968077,-1.0028,-0.0564,0.1537,1.016
0.361154539,-1.0012,-0.0559,0.1534,1.014
0.368877308,-1.0010,-0.0571,0.1524,1.014
0.369376,-1.0012,-0.0577,0.1507,1.014
0.36990677,-1.0007,-0.0582,0.1534,1.014
0.372083154,-1.0005,-0.0591,0.1509,1.014
0.372568923,-0.9988,-0.0586,0.1495,1.012
0.374852616,-1.0012,-0.0584,0.1514,1.014
0.377296616,-1.0010,-0.0584,0.1505,1.014
0.380775385,-0.9995,-0.0571,0.1498,1.012
0.382629231,-0.9988,-0.0569,0.1476,1.011
0.38440277,-1.0005,-0.0571,0.1524,1.014
0.386955154,-0.9966,-0.0571,0.1519,1.010
0.389696308,-0.9975,-0.0582,0.1524,1.011
0.392544616,-1.0010,-0.0569,0.1488,1.014
0.394647077,-1.0003,-0.0564,0.1500,1.013
0.396731693,-0.9998,-0.0557,0.1500,1.013
0.399563077,-1.0010,-0.0594,0.1500,1.014
0.403514231,-0.9975,-0.0559,0.1505,1.010
0.403879385,-0.9973,-0.0552,0.1524,1.010
0.405986846,-0.9983,-0.0562,0.1500,1.011
0.40809877,-0.9998,-0.0540,0.1519,1.013
0.410510539,-0.9998,-0.0571,0.1524,1.013
0.412873,-0.9986,-0.0569,0.1534,1.012
0.416832077,-0.9986,-0.0577,0.1519,1.012
0.41765877,-1.0022,-0.0559,0.1519,1.015
0.41997877,-1.0012,-0.0566,0.1521,1.014
0.422329308,-1.0017,-0.0579,0.1534,1.015
0.424759077,-0.9983,-0.0584,0.1524,1.012
0.427016923,-1.0000,-0.0589,0.1544,1.014
0.429509539,-1.0012,-0.0571,0.1512,1.014
0.431963077,-0.9981,-0.0577,0.1514,1.011
0.43410277,-1.0012,-0.0577,0.1546,1.015
0.436363693,-0.9981,-0.0603,0.1544,1.012
0.448175462,-0.9998,-0.0591,0.1532,1.013
0.455513847,-1.0032,-0.0586,0.1521,1.016
0.455655462,-0.9995,-0.0589,0.1534,1.013
0.455732077,-1.0000,-0.0615,0.1554,1.014
0.455792616,-0.9981,-0.0586,0.1534,1.011
0.455844923,-0.9998,-0.0589,0.1524,1.013
0.455891385,-0.9995,-0.0577,0.1524,1.013
0.45599077,-1.0012,-0.0591,0.1514,1.014
0.45777977,-1.0012,-0.0574,0.1542,1.015
0.460539154,-0.9998,-0.0574,0.1542,1.013
0.462773231,-0.9963,-0.0591,0.1526,1.010
0.465116,-0.9973,-0.0577,0.1526,1.011
0.467516308,-0.9954,-0.0579,0.1519,1.009
0.469979077,-0.9995,-0.0577,0.1532,1.013
0.471941539,-0.9973,-0.0562,0.1534,1.011
0.47477177,-0.9966,-0.0574,0.1539,1.010
0.477672385,-0.9944,-0.0584,0.1537,1.008
0.479526539,-0.9961,-0.0557,0.1530,1.009
0.482936308,-1.0000,-0.0574,0.1549,1.014
0.483819077,-0.9979,-0.0545,0.1526,1.011
0.486510847,-0.9968,-0.0566,0.1544,1.010
0.488686154,-0.9981,-0.0564,0.1517,1.011
0.49106677,-0.9998,-0.0562,0.1519,1.013
0.493405923,-1.0028,-0.0557,0.1519,1.016
0.495401308,-1.0022,-0.0569,0.1524,1.015
0.49777977,-1.0030,-0.0562,0.1519,1.016
0.50025477,-1.0030,-0.0589,0.1521,1.016
0.502326539,-1.0032,-0.0594,0.1539,1.017
0.504838231,-1.0012,-0.0566,0.1537,1.015
0.507110154,-1.0015,-0.0577,0.1532,1.015
0.509807462,-1.0022,-0.0574,0.1514,1.015
0.512006231,-1.0039,-0.0603,0.1507,1.017
0.515145616,-1.0030,-0.0586,0.1568,1.017
0.516779693,-1.0037,-0.0586,0.1546,1.017
0.519044,-1.0015,-0.0591,0.1468,1.014
0.521380308,-1.0017,-0.0594,0.1476,1.014
0.523590154,-1.0022,-0.0589,0.1549,1.016
0.527277539,-1.0063,-0.0606,0.1544,1.020
0.528385539,-1.0049,-0.0603,0.1514,1.018
0.530941308,-1.0071,-0.0610,0.1498,1.020
0.533191462,-1.0044,-0.0598,0.1524,1.018
0.535781539,-1.0037,-0.0591,0.1524,1.017
0.546953923,-1.0030,-0.0584,0.1521,1.016
0.547845231,-1.0035,-0.0582,0.1534,1.017
0.548191462,-1.0015,-0.0569,0.1530,1.015
0.54848277,-1.0012,-0.0566,0.1521,1.014
0.548729231,-1.0024,-0.0579,0.1519,1.016
0.550037539,-1.0003,-0.0574,0.1556,1.014
0.552609308,-0.9995,-0.0586,0.1566,1.013
0.560305923,-1.0010,-0.0574,0.1542,1.014
0.560652693,-1.0000,-0.0564,0.1542,1.013
0.560885616,-1.0022,-0.0569,0.1561,1.016
0.563073923,-1.0000,-0.0584,0.1556,1.014
0.566796,-0.9966,-0.0586,0.1554,1.010
0.567081308,-0.9981,-0.0579,0.1521,1.011
0.568825616,-0.9966,-0.0596,0.1546,1.010
0.571271154,-0.9975,-0.0584,0.1514,1.011
0.57312,-0.9956,-0.0566,0.1519,1.009
0.575479462,-0.9954,-0.0582,0.1519,1.009
0.582043077,-0.9958,-0.0591,0.1521,1.009
0.582541231,-0.9970,-0.0569,0.1546,1.011
0.582725308,-0.9961,-0.0557,0.1519,1.009
0.584981539,-0.9988,-0.0569,0.1488,1.011
0.587523077,-0.9986,-0.0582,0.1519,1.012
0.589898154,-0.9958,-0.0574,0.1514,1.009
0.592260308,-0.9949,-0.0564,0.1486,1.008
0.594700077,-0.9981,-0.0586,0.1474,1.011
0.596741847,-0.9998,-0.0584,0.1483,1.012
0.599273847,-1.0022,-0.0562,0.1478,1.015
0.601278231,-1.0032,-0.0591,0.1488,1.016
0.604096308,-1.0039,-0.0601,0.1463,1.016
0.606680077,-1.0015,-0.0586,0.1478,1.014
0.609023462,-1.0035,-0.0552,0.1470,1.016
0.611717539,-1.0015,-0.0582,0.1488,1.014
0.613557616,-1.0028,-0.0571,0.1474,1.015
0.616527693,-1.0035,-0.0598,0.1465,1.016
0.618196385,-1.0030,-0.0591,0.1470,1.015
0.620463154,-1.0019,-0.0582,0.1458,1.014
0.62290277,-1.0035,-0.0589,0.1453,1.016
0.625199693,-1.0022,-0.0594,0.1476,1.015
0.627902847,-1.0005,-0.0591,0.1468,1.013
0.629761923,-1.0003,-0.0579,0.1481,1.013
0.632706462,-0.9986,-0.0591,0.1474,1.011
0.635284385,-0.9995,-0.0591,0.1444,1.012
0.646638462,-0.9998,-0.0569,0.1446,1.012
0.647438231,-0.9975,-0.0569,0.1441,1.010
0.647786847,-0.9968,-0.0562,0.1444,1.009
0.648191693,-0.9975,-0.0571,0.1434,1.009
0.64853077,-0.9949,-0.0579,0.1417,1.007
0.648930154,-0.9979,-0.0591,0.1465,1.010
0.651325,-1.0010,-0.0589,0.1453,1.013
0.658737923,-0.9968,-0.0554,0.1432,1.009
0.659182847,-0.9979,-0.0586,0.1444,1.010
0.659408616,-0.9988,-0.0562,0.1463,1.011
0.661921,-0.9975,-0.0562,0.1458,1.010
0.662759077,-0.9983,-0.0591,0.1470,1.011
0.665288693,-1.0012,-0.0586,0.1481,1.014
0.667952923,-1.0030,-0.0596,0.1486,1.016
0.670483693,-1.0059,-0.0582,0.1444,1.018
0.672569923,-1.0042,-0.0584,0.1453,1.016
0.674796308,-1.0042,-0.0631,0.1451,1.017
0.676903693,-1.0012,-0.0631,0.1446,1.014
0.679432308,-1.0015,-0.0638,0.1434,1.014
0.682034231,-1.0068,-0.0596,0.1444,1.019
0.684133,-1.0073,-0.0594,0.1439,1.019
0.686827154,-1.0035,-0.0598,0.1441,1.016
0.689655693,-1.0037,-0.0582,0.1451,1.016
0.691264308,-1.0019,-0.0571,0.1463,1.014
0.693694231,-1.0047,-0.0584,0.1478,1.017
0.695886462,-1.0068,-0.0594,0.1458,1.019
0.698435154,-1.0017,-0.0591,0.1458,1.014
0.700713616,-1.0030,-0.0603,0.1451,1.015
0.703994539,-1.0030,-0.0594,0.1465,1.015
0.705567693,-1.0007,-0.0584,0.1463,1.013
0.707912,-1.0032,-0.0584,0.1465,1.015
0.711037539,-1.0024,-0.0574,0.1468,1.015
0.712887693,-1.0003,-0.0584,0.1470,1.013
0.716516923,-1.0042,-0.0574,0.1478,1.017
0.717477923,-0.9988,-0.0571,0.1463,1.011
0.720118847,-0.9919,-0.0550,0.1461,1.004
0.722666154,-0.9939,-0.0574,0.1468,1.006
0.724312308,-0.9988,-0.0574,0.1478,1.011
0.727268308,-1.0017,-0.0569,0.1468,1.014
0.729406231,-1.0044,-0.0569,0.1453,1.016
0.731424616,-1.0037,-0.0571,0.1453,1.016
0.733721923,-1.0000,-0.0566,0.1470,1.012
0.74804677,-0.9995,-0.0584,0.1476,1.012
0.748973847,-0.9995,-0.0577,0.1481,1.012
0.749318154,-1.0017,-0.0586,0.1474,1.014
0.749692616,-1.0022,-0.0579,0.1476,1.015
0.750191154,-1.0035,-0.0586,0.1470,1.016
0.750626154,-1.0042,-0.0606,0.1488,1.017
0.751041,-1.0047,-0.0615,0.1493,1.018
0.753404077,-1.0049,-0.0596,0.1486,1.018
0.755436077,-1.0063,-0.0589,0.1476,1.019
0.757706847,-1.0063,-0.0623,0.1470,1.019
0.761068693,-1.0054,-0.0591,0.1463,1.018
0.762346539,-1.0044,-0.0606,0.1451,1.017
0.767648923,-1.0039,-0.0606,0.1465,1.016
0.767762154,-1.0019,-0.0579,0.1427,1.014
0.769393923,-1.0019,-0.0610,0.1425,1.014
0.771373539,-1.0039,-0.0603,0.1444,1.016
0.773911693,-1.0010,-0.0579,0.1463,1.013
0.776446231,-1.0017,-0.0596,0.1474,1.014
0.778791693,-0.9991,-0.0566,0.1465,1.011
0.783155077,-0.9986,-0.0584,0.1429,1.010
0.784313539,-0.9986,-0.0582,0.1456,1.011
0.785692308,-0.9968,-0.0582,0.1474,1.009
0.788231154,-0.9963,-0.0557,0.1478,1.009
0.790851154,-0.9975,-0.0564,0.1478,1.010
0.794573539,-0.9991,-0.0545,0.1449,1.011
0.795493616,-0.9993,-0.0564,0.1453,1.011
0.797574231,-0.9951,-0.0569,0.1451,1.007
0.799819077,-0.9954,-0.0603,0.1465,1.008
0.803913539,-0.9956,-0.0577,0.1476,1.008
0.804539385,-0.9966,-0.0582,0.1490,1.009
0.811161539,-0.9988,-0.0571,0.1495,1.012
0.811836385,-0.9998,-0.0586,0.1488,1.013
0.812117847,-0.9988,-0.0608,0.1488,1.012
0.813866539,-0.9995,-0.0584,0.1498,1.012
0.816240077,-0.9998,-0.0577,0.1483,1.012
0.81877477,-0.9988,-0.0596,0.1490,1.012
0.820990154,-1.0015,-0.0591,0.1521,1.015
0.823456923,-1.0010,-0.0559,0.1517,1.014
0.827098462,-1.0000,-0.0566,0.1512,1.013
0.82842277,-1.0017,-0.0579,0.1495,1.014
0.831148693,-1.0012,-0.0582,0.1505,1.014
0.833691077,-1.0010,-0.0598,0.1481,1.014
0.835466154,-0.9993,-0.0566,0.1486,1.012
0.838152616,-1.0010,-0.0569,0.1498,1.014
0.839820077,-1.0015,-0.0550,0.1512,1.014
0.842401,-1.0005,-0.0559,0.1495,1.013
0.844767385,-1.0003,-0.0574,0.1507,1.013
0.847755154,-0.9998,-0.0613,0.1500,1.013
0.854561539,-1.0024,-0.0598,0.1517,1.016
0.855496923,-1.0019,-0.0598,0.1495,1.015
0.855783077,-0.9995,-0.0598,0.1502,1.012
0.861934154,-0.9958,-0.0569,0.1505,1.009
0.862370231,-0.9949,-0.0552,0.1500,1.008
0.862632,-0.9963,-0.0571,0.1505,1.009
0.866216923,-0.9998,-0.0564,0.1495,1.012
0.866766539,-1.0015,-0.0562,0.1493,1.014
0.868281308,-1.0019,-0.0574,0.1505,1.015
0.870764308,-0.9993,-0.0559,0.1524,1.012
0.872856,-0.9966,-0.0569,0.1530,1.010
0.875959385,-0.9988,-0.0598,0.1530,1.012
0.877929847,-0.9986,-0.0586,0.1524,1.012
0.880335077,-0.9998,-0.0582,0.1521,1.013
0.882825847,-0.9993,-0.0603,0.1534,1.013
0.88493877,-0.9979,-0.0594,0.1512,1.011
0.887244923,-0.9995,-0.0577,0.1514,1.013
0.889531077,-1.0003,-0.0584,0.1517,1.013
0.894047462,-1.0000,-0.0574,0.1495,1.013
0.894883154,-1.0000,-0.0589,0.1509,1.013
0.896529923,-0.9968,-0.0589,0.1509,1.010
0.899461308,-0.9995,-0.0566,0.1495,1.012
0.901788,-1.0042,-0.0591,0.1490,1.017
0.903910154,-1.0044,-0.0577,0.1495,1.017
0.906254154,-1.0030,-0.0596,0.1483,1.016
0.908307385,-1.0047,-0.0618,0.1481,1.017
0.910852077,-1.0049,-0.0601,0.1495,1.018
0.913184923,-1.0066,-0.0610,0.1502,1.020
0.916100077,-1.0063,-0.0603,0.1488,1.019
0.917971077,-1.0073,-0.0615,0.1486,1.020
0.920816077,-1.0037,-0.0620,0.1495,1.017
0.922980923,-1.0056,-0.0652,0.1478,1.018
0.924891462,-1.0105,-0.0603,0.1486,1.023
0.927625539,-1.0105,-0.0584,0.1474,1.023
0.929592308,-1.0059,-0.0569,0.1502,1.019
0.932350847,-1.0049,-0.0596,0.1495,1.018
0.934451385,-1.0012,-0.0596,0.1465,1.014
0.943949616,-1.0019,-0.0606,0.1458,1.014
0.954186154,-1.0019,-0.0598,0.1474,1.014
0.954723077,-1.0005,-0.0640,0.1476,1.013
0.955072923,-0.9981,-0.0613,0.1488,1.011
0.95565077,-0.9998,-0.0579,0.1500,1.013
0.955916,-0.9981,-0.0594,0.1463,1.010
0.956139154,-0.9966,-0.0591,0.1488,1.009
0.956353539,-0.9983,-0.0574,0.1463,1.011
0.956548385,-0.9951,-0.0594,0.1476,1.008
0.958574154,-0.9923,-0.0566,0.1474,1.005
0.960084616,-0.9951,-0.0554,0.1486,1.008
0.962860616,-0.9975,-0.0584,0.1486,1.010
0.965019385,-1.0003,-0.0584,0.1483,1.013
0.967369539,-0.9988,-0.0591,0.1476,1.011
0.971947077,-0.9983,-0.0589,0.1481,1.011
0.972525,-0.9973,-0.0569,0.1476,1.010
0.974446539,-0.9988,-0.0579,0.1502,1.012
0.977200693,-0.9991,-0.0586,0.1521,1.012
0.979260077,-1.0000,-0.0577,0.1498,1.013
0.982021,-0.9993,-0.0591,0.1478,1.012
0.98400277,-0.9995,-0.0564,0.1476,1.012
0.986263693,-0.9963,-0.0557,0.1490,1.009
0.98843877,-1.0000,-0.0582,0.1456,1.012
0.991284923,-1.0019,-0.0562,0.1474,1.014
0.994565539,-0.9986,-0.0598,0.1458,1.011
0.995597923,-1.0030,-0.0608,0.1470,1.016
0.998672,-1.0073,-0.0603,0.1463,1.020
1.000284,-1.0035,-0.0594,0.1474,1.016
1.003688616,-1.0024,-0.0577,0.1453,1.015
1.00572777,-1.0028,-0.0584,0.1437,1.015
1.007721308,-1.0005,-0.0598,0.1437,1.013
1.010437923,-0.9993,-0.0582,0.1465,1.012
1.012359462,-1.0000,-0.0601,0.1483,1.013
1.015571385,-1.0019,-0.0586,0.1465,1.014
1.018064385,-1.0012,-0.0586,0.1429,1.013
1.019203385,-0.9998,-0.0589,0.1456,1.012
1.021892616,-1.0007,-0.0574,0.1465,1.013
1.024040308,-0.9993,-0.0574,0.1429,1.011
1.027028,-0.9973,-0.0571,0.1468,1.010
1.036358539,-0.9935,-0.0574,0.1495,1.006
1.036883462,-0.9956,-0.0569,0.1476,1.008
1.037187154,-0.9963,-0.0586,0.1470,1.009
1.037440616,-1.0007,-0.0596,0.1468,1.013
1.039328077,-0.9995,-0.0596,0.1474,1.012
1.040703154,-0.9986,-0.0589,0.1481,1.011
1.042623077,-0.9981,-0.0589,0.1483,1.011
1.045004308,-0.9937,-0.0589,0.1468,1.006
1.052098539,-0.9970,-0.0596,0.1476,1.010
1.052498539,-0.9963,-0.0582,0.1490,1.009
1.052607462,-0.9944,-0.0589,0.1476,1.007
1.055995462,-0.9942,-0.0589,0.1451,1.006
1.060012077,-0.9937,-0.0601,0.1505,1.007
1.060246154,-0.9986,-0.0603,0.1495,1.011
1.061645539,-1.0017,-0.0596,0.1500,1.015
1.063739077,-1.0019,-0.0584,0.1505,1.015
1.066238231,-1.0049,-0.0594,0.1490,1.018
1.068542847,-1.0022,-0.0589,0.1483,1.015
1.07145877,-1.0005,-0.0591,0.1483,1.013
1.073397847,-1.0015,-0.0596,0.1514,1.015
1.076007462,-0.9991,-0.0577,0.1524,1.012
1.078481847,-1.0028,-0.0594,0.1498,1.016
1.080530154,-1.0030,-0.0598,0.1490,1.016
1.083208077,-1.0039,-0.0594,0.1493,1.017
1.085388308,-1.0042,-0.0628,0.1505,1.017
1.087790462,-1.0054,-0.0603,0.1476,1.018
1.090798231,-1.0044,-0.0610,0.1468,1.017
1.093792616,-1.0066,-0.0613,0.1456,1.019
1.094629308,-1.0037,-0.0613,0.1478,1.016
1.097381,-1.0035,-0.0623,0.1488,1.016
1.099624923,-1.0059,-0.0596,0.1468,1.018
1.101711693,-1.0054,-0.0610,0.1437,1.017
1.105039693,-1.0059,-0.0598,0.1465,1.018
1.106585308,-1.0037,-0.0596,0.1451,1.016
1.108868923,-1.0032,-0.0606,0.1451,1.015
1.111209616,-1.0017,-0.0608,0.1451,1.014
1.115182154,-1.0030,-0.0608,0.1463,1.015
1.116778847,-1.0005,-0.0591,0.1441,1.013
1.118633539,-0.9998,-0.0584,0.1434,1.012
1.120971077,-0.9979,-0.0569,0.1458,1.010
1.123115154,-1.0012,-0.0598,0.1444,1.013
1.125337923,-1.0015,-0.0591,0.1434,1.013
1.127801231,-0.9983,-0.0579,0.1446,1.010
1.130231154,-0.9998,-0.0591,0.1474,1.012
1.132774462,-0.9981,-0.0579,0.1456,1.010
1.135090154,-0.9981,-0.0571,0.1481,1.011
1.142977616,-0.9975,-0.0594,0.1446,1.010
1.144136,-0.9961,-0.0591,0.1451,1.008
1.149312923,-0.9991,-0.0577,0.1441,1.011
1.149798231,-1.0005,-0.0569,0.1476,1.013
1.150114539,-1.0007,-0.0584,0.1453,1.013
1.150335077,-1.0024,-0.0586,0.1463,1.015
1.156637539,-1.0015,-0.0566,0.1478,1.014
1.157132693,-1.0028,-0.0603,0.1481,1.015
1.157341231,-0.9993,-0.0594,0.1458,1.012
1.15868777,-1.0000,-0.0586,0.1483,1.013
1.160636616,-1.0005,-0.0571,0.1483,1.013
1.163110154,-1.0032,-0.0596,0.1486,1.016
1.165482462,-1.0039,-0.0584,0.1465,1.016
1.167892693,-1.0000,-0.0574,0.1493,1.013
1.171669539,-0.9979,-0.0584,0.1470,1.010
1.172679077,-0.9995,-0.0574,0.1463,1.012
1.175373923,-1.0000,-0.0552,0.1461,1.012
1.177225616,-1.0012,-0.0569,0.1437,1.013
1.180833,-0.9993,-0.0582,0.1449,1.011
1.183564077,-0.9993,-0.0579,0.1456,1.011
1.184370847,-1.0015,-0.0566,0.1451,1.014
1.186895693,-1.0000,-0.0577,0.1465,1.012
1.189426539,-0.9988,-0.0582,0.1453,1.011
1.191823385,-0.9970,-0.0569,0.1451,1.009
1.193984308,-0.9963,-0.0591,0.1478,1.009
1.196101539,-0.9986,-0.0606,0.1478,1.011
1.198744077,-0.9993,-0.0596,0.1470,1.012
1.20078,-0.9979,-0.0574,0.1449,1.010
1.203492385,-0.9988,-0.0559,0.1465,1.011
1.205805308,-0.9968,-0.0569,0.1474,1.009
1.207889847,-0.9975,-0.0554,0.1478,1.010
1.210820308,-0.9981,-0.0577,0.1481,1.011
1.212677616,-1.0005,-0.0574,0.1476,1.013
1.216035154,-0.9998,-0.0577,0.1500,1.013
1.217492385,-0.9995,-0.0582,0.1476,1.012
1.220002154,-1.0015,-0.0603,0.1493,1.014
1.222259462,-1.0035,-0.0596,0.1517,1.017
1.224549308,-1.0028,-0.0601,0.1493,1.016
1.227377308,-1.0030,-0.0613,0.1493,1.016
1.229232077,-1.0022,-0.0615,0.1486,1.015
1.231568385,-1.0024,-0.0594,0.1505,1.015
1.234250231,-1.0039,-0.0608,0.1481,1.017
1.236442154,-1.0049,-0.0608,0.1481,1.018
1.239126154,-1.0032,-0.0606,0.1498,1.016
1.241212077,-1.0039,-0.0610,0.1514,1.017
1.244387693,-1.0066,-0.0586,0.1495,1.019
1.245954154,-1.0035,-0.0606,0.1486,1.016
1.24838677,-1.0012,-0.0596,0.1483,1.014
1.254711462,-1.0032,-0.0608,0.1483,1.016
1.255745231,-1.0032,-0.0606,0.1461,1.016
1.25618377,-1.0044,-0.0606,0.1470,1.017
1.257432385,-1.0010,-0.0603,0.1476,1.014
1.264025847,-1.0007,-0.0598,0.1483,1.013
1.264490154,-1.0032,-0.0584,0.1502,1.016
1.264786847,-1.0022,-0.0594,0.1463,1.015
1.269247385,-1.0000,-0.0571,0.1446,1.012
1.269794231,-0.9979,-0.0571,0.1461,1.010
1.271661539,-0.9988,-0.0584,0.1481,1.011
1.273904,-0.9966,-0.0574,0.1478,1.009
1.276530231,-0.9961,-0.0566,0.1483,1.009
1.278822539,-0.9993,-0.0574,0.1495,1.012
1.281098462,-0.9998,-0.0584,0.1495,1.013
1.283698154,-0.9981,-0.0554,0.1476,1.010
1.285747462,-0.9986,-0.0571,0.1500,1.011
1.288374847,-1.0017,-0.0601,0.1526,1.015
1.290660385,-1.0028,-0.0574,0.1521,1.016
1.29402777,-1.0028,-0.0591,0.1517,1.016
1.295507077,-1.0022,-0.0603,0.1509,1.015
1.297921308,-1.0047,-0.0606,0.1502,1.018
1.299993923,-1.0022,-0.0606,0.1502,1.015
1.304617616,-1.0017,-0.0586,0.1521,1.015
1.305362231,-1.0035,-0.0566,0.1514,1.016
1.307220923,-1.0032,-0.0579,0.1509,1.016
1.309281539,-0.9993,-0.0562,0.1509,1.012
1.312067462,-0.9988,-0.0594,0.1519,1.012
1.314110231,-1.0010,-0.0582,0.1500,1.014
1.31674377,-1.0000,-0.0584,0.1524,1.013
1.318814539,-1.0024,-0.0584,0.1526,1.016
1.321411154,-1.0030,-0.0606,0.1514,1.016
1.323687077,-1.0030,-0.0584,0.1507,1.016
1.326767462,-0.9993,-0.0608,0.1509,1.012
1.328610231,-0.9995,-0.0598,0.1468,1.012
1.331133923,-0.9986,-0.0582,0.1468,1.011
1.333050231,-1.0003,-0.0589,0.1470,1.013
1.335653616,-1.0010,-0.0586,0.1474,1.014
1.338419385,-0.9998,-0.0574,0.1476,1.012
1.340177231,-1.0007,-0.0559,0.1461,1.013
1.343140923,-0.9966,-0.0571,0.1463,1.009
1.34488677,-0.9956,-0.0589,0.1451,1.008
1.347641539,-0.9995,-0.0586,0.1474,1.012
1.350143154,-0.9939,-0.0589,0.1451,1.006
1.351960693,-0.9968,-0.0589,0.1446,1.009
1.354805231,-0.9968,-0.0577,0.1470,1.009
1.356653,-0.9973,-0.0579,0.1441,1.009
1.359163693,-0.9993,-0.0577,0.1463,1.012
1.365712616,-0.9981,-0.0584,0.1495,1.011
1.366785847,-0.9973,-0.0586,0.1490,1.010
1.367235077,-0.9958,-0.0564,0.1474,1.008
1.370766231,-0.9979,-0.0584,0.1500,1.011
1.384283462,-0.9958,-0.0591,0.1509,1.009
1.385131462,-0.9988,-0.0601,0.1507,1.012
1.385438539,-1.0000,-0.0582,0.1498,1.013
1.385701847,-1.0007,-0.0596,0.1488,1.013
1.386097,-1.0022,-0.0594,0.1509,1.015
1.386393847,-1.0032,-0.0579,0.1505,1.016
1.386681616,-1.0015,-0.0566,0.1495,1.014
1.387457539,-1.0017,-0.0579,0.1486,1.014
1.389959154,-1.0037,-0.0603,0.1474,1.016
1.392982154,-1.0028,-0.0598,0.1453,1.015
1.395216308,-1.0049,-0.0613,0.1461,1.017
1.396889923,-1.0071,-0.0618,0.1446,1.019
1.399687154,-1.0071,-0.0633,0.1432,1.019
1.401974231,-1.0059,-0.0615,0.1444,1.018
1.405208923,-1.0079,-0.0603,0.1449,1.020
1.406503077,-1.0088,-0.0601,0.1461,1.021
1.408619154,-1.0093,-0.0589,0.1441,1.021
1.410971077,-1.0079,-0.0571,0.1425,1.019
1.413491154,-1.0049,-0.0577,0.1444,1.017
1.416476077,-1.0049,-0.0586,0.1421,1.017
1.417997923,-1.0039,-0.0582,0.1437,1.016
1.420324077,-1.0044,-0.0606,0.1461,1.017
1.422636,-1.0022,-0.0552,0.1453,1.014
1.424994154,-0.9998,-0.0566,0.1439,1.012
1.427716077,-0.9993,-0.0591,0.1483,1.012
1.429966231,-0.9988,-0.0579,0.1488,1.011
1.432415462,-0.9995,-0.0559,0.1476,1.012
1.435005308,-0.9970,-0.0574,0.1461,1.009
1.438886462,-0.9970,-0.0584,0.1451,1.009
1.440216077,-0.9970,-0.0591,0.1461,1.009
1.441586847,-0.9963,-0.0557,0.1486,1.009
1.444367693,-0.9981,-0.0566,0.1465,1.010
1.446621308,-0.9981,-0.0594,0.1456,1.010
1.449794231,-0.9979,-0.0566,0.1444,1.010
1.450997,-0.9966,-0.0562,0.1468,1.009
1.458183385,-0.9956,-0.0577,0.1444,1.008
1.45887977,-0.9947,-0.0594,0.1446,1.007
1.459256616,-0.9963,-0.0584,0.1437,1.008
1.466109847,-0.9947,-0.0586,0.1414,1.006
1.46709077,-0.9963,-0.0574,0.1434,1.008
1.467488385,-0.9991,-0.0566,0.1446,1.011
1.46777477,-0.9970,-0.0571,0.1446,1.009
1.471343462,-0.9995,-0.0589,0.1449,1.012
1.485799077,-0.9995,-0.0591,0.1468,1.012
1.48629577,-1.0015,-0.0594,0.1437,1.014
1.486455693,-1.0030,-0.0598,0.1432,1.015
1.486586154,-1.0022,-0.0591,0.1419,1.014
1.486690462,-1.0005,-0.0564,0.1397,1.012
1.486822539,-0.9998,-0.0584,0.1419,1.012
1.486935462,-1.0017,-0.0596,0.1381,1.013
1.488693847,-0.9991,-0.0610,0.1395,1.011
1.491275077,-1.0000,-0.0574,0.1405,1.011
1.493726231,-1.0012,-0.0571,0.1395,1.013
1.495925231,-1.0042,-0.0591,0.1407,1.016
1.498320077,-1.0049,-0.0589,0.1425,1.017
1.500516385,-1.0044,-0.0586,0.1421,1.016
1.505315385,-1.0049,-0.0582,0.1425,1.017
1.506326847,-1.0044,-0.0589,0.1432,1.016
1.507507462,-1.0030,-0.0596,0.1409,1.015
1.509980616,-1.0005,-0.0596,0.1419,1.012
1.512362847,-1.0022,-0.0596,0.1437,1.014
1.514491154,-1.0019,-0.0586,0.1425,1.014
1.51728277,-1.0037,-0.0635,0.1446,1.016
1.519341,-1.0032,-0.0601,0.1434,1.015
1.521811462,-1.0047,-0.0589,0.1437,1.017
1.524178154,-1.0061,-0.0591,0.1439,1.018
1.527005847,-1.0032,-0.0594,0.1439,1.015
1.529168693,-1.0024,-0.0596,0.1444,1.015
1.531255693,-1.0024,-0.0601,0.1465,1.015
1.533396308,-1.0059,-0.0591,0.1451,1.018
1.535841847,-1.0063,-0.0586,0.1468,1.019
1.538495693,-1.0017,-0.0596,0.1463,1.014
1.540569847,-1.0028,-0.0608,0.1463,1.015
1.543232077,-1.0015,-0.0610,0.1453,1.014
1.545388385,-1.0019,-0.0591,0.1434,1.014
1.553013231,-1.0017,-0.0606,0.1434,1.014
1.556974847,-1.0005,-0.0586,0.1393,1.012
1.557501308,-1.0015,-0.0582,0.1412,1.013
1.55770277,-1.0032,-0.0582,0.1397,1.015
1.557980693,-1.0005,-0.0586,0.1397,1.012
1.560438462,-1.0022,-0.0574,0.1432,1.014
1.564081847,-1.0012,-0.0569,0.1453,1.013
1.564512923,-1.0035,-0.0571,0.1451,1.016
1.566686154,-1.0015,-0.0579,0.1432,1.013
1.568958539,-1.0003,-0.0579,0.1446,1.012
1.571459385,-0.9991,-0.0579,0.1453,1.011
1.573577847,-1.0019,-0.0562,0.1437,1.014
1.575971077,-1.0007,-0.0574,0.1429,1.012
1.578385231,-1.0007,-0.0550,0.1425,1.012
1.581517539,-1.0037,-0.0562,0.1446,1.016
1.583078462,-1.0022,-0.0582,0.1421,1.014
1.585680077,-0.9988,-0.0596,0.1441,1.011
1.587756693,-0.9991,-0.0598,0.1453,1.011
1.590314847,-1.0007,-0.0598,0.1470,1.013
1.592384693,-0.9998,-0.0574,0.1441,1.012
1.594816,-0.9979,-0.0584,0.1449,1.010
1.597204923,-0.9954,-0.0577,0.1421,1.007
1.599276616,-0.9956,-0.0591,0.1446,1.008
1.601908693,-0.9983,-0.0596,0.1449,1.010
1.605176923,-0.9973,-0.0579,0.1441,1.009
1.606752308,-0.9995,-0.0610,0.1451,1.012
1.609183462,-0.9991,-0.0608,0.1439,1.011
1.611466462,-1.0007,-0.0598,0.1439,1.013
1.614276693,-0.9995,-0.0608,0.1441,1.012
1.61653477,-0.9995,-0.0618,0.1429,1.012
1.618919693,-1.0010,-0.0620,0.1437,1.013
1.621025847,-1.0035,-0.0601,0.1453,1.016
1.62326377,-1.0039,-0.0579,0.1414,1.015
1.625545231,-1.0019,-0.0603,0.1425,1.014
1.62828,-1.0035,-0.0591,0.1458,1.016
1.63055177,-1.0049,-0.0591,0.1439,1.017
1.632879693,-1.0035,-0.0577,0.1414,1.015
1.635058847,-1.0049,-0.0589,0.1432,1.017
1.63926377,-1.0017,-0.0589,0.1458,1.014
1.639801847,-1.0039,-0.0577,0.1470,1.016
1.642328,-1.0015,-0.0594,0.1463,1.014
1.644624923,-1.0022,-0.0574,0.1444,1.014
1.646934154,-1.0049,-0.0596,0.1461,1.017
1.655160923,-1.0061,-0.0598,0.1470,1.019
1.656140308,-1.0024,-0.0591,0.1493,1.015
1.656818462,-1.0019,-0.0577,0.1476,1.014
1.657237539,-1.0024,-0.0620,0.1478,1.015
1.672547077,-1.0017,-0.0601,0.1468,1.014
1.673696,-1.0030,-0.0569,0.1478,1.015
1.67415977,-1.0056,-0.0579,0.1509,1.019
1.674481539,-0.9995,-0.0579,0.1519,1.013
1.674760616,-1.0056,-0.0574,0.1537,1.019
1.675024693,-1.0049,-0.0574,0.1512,1.018
1.675268308,-1.0003,-0.0603,0.1526,1.014
1.675531385,-0.9966,-0.0569,0.1524,1.010
1.677618847,-0.9979,-0.0566,0.1505,1.011
1.679658539,-0.9993,-0.0566,0.1546,1.013
1.683225539,-0.9991,-0.0596,0.1502,1.012
1.684547154,-0.9988,-0.0606,0.1509,1.012
1.686931693,-0.9986,-0.0564,0.1532,1.012
1.689566462,-0.9975,-0.0582,0.1530,1.011
1.694989539,-0.9970,-0.0566,0.1542,1.010
1.695931462,-0.9951,-0.0550,0.1519,1.008
1.696965,-0.9963,-0.0579,0.1542,1.010
1.699220923,-0.9949,-0.0566,0.1544,1.008
1.701414462,-0.9981,-0.0557,0.1534,1.011
1.70516777,-0.9963,-0.0584,0.1519,1.010
1.706802462,-0.9975,-0.0577,0.1509,1.011
1.708093308,-0.9991,-0.0596,0.1505,1.012
1.710861847,-0.9968,-0.0596,0.1514,1.010
1.712832,-0.9998,-0.0591,0.1514,1.013
1.716855077,-0.9998,-0.0598,0.1514,1.013
1.717649539,-0.9983,-0.0569,0.1495,1.011
1.720165847,-1.0003,-0.0591,0.1500,1.013
1.722420077,-0.9983,-0.0589,0.1509,1.011
1.724899462,-1.0015,-0.0594,0.1495,1.014
1.728312308,-0.9995,-0.0601,0.1486,1.012
1.729953616,-0.9995,-0.0620,0.1470,1.012
1.731733231,-0.9995,-0.0615,0.1478,1.012
1.734307462,-1.0022,-0.0596,0.1488,1.015
1.736589231,-1.0003,-0.0594,0.1502,1.013
1.738839385,-1.0024,-0.0596,0.1476,1.015
1.741401539,-1.0044,-0.0594,0.1458,1.017
1.743795693,-1.0039,-0.0584,0.1476,1.016
1.746038847,-1.0024,-0.0610,0.1465,1.015
1.748503154,-0.9993,-0.0586,0.1453,1.011
1.755446539,-1.0007,-0.0586,0.1451,1.013
1.755981847,-0.9993,-0.0579,0.1456,1.011
1.756326231,-1.0000,-0.0579,0.1451,1.012
1.758456077,-1.0005,-0.0582,0.1478,1.013
1.767965,-1.0012,-0.0594,0.1486,1.014
1.768784924,-1.0007,-0.0606,0.1486,1.013
1.769111385,-0.9983,-0.0579,0.1470,1.011
1.769370847,-0.9988,-0.0598,0.1468,1.011
1.769653308,-0.9998,-0.0582,0.1474,1.012
1.772889,-0.9986,-0.0603,0.1493,1.011
1.774540693,-1.0003,-0.0623,0.1468,1.013
1.776851077,-1.0003,-0.0586,0.1470,1.013
1.779718539,-1.0010,-0.0596,0.1470,1.014
1.781290231,-0.9998,-0.0579,0.1474,1.012
1.783916693,-0.9986,-0.0574,0.1493,1.011
1.785996308,-0.9995,-0.0596,0.1453,1.012
1.788713847,-0.9988,-0.0601,0.1461,1.011
1.791157308,-1.0007,-0.0603,0.1498,1.014
1.794110539,-1.0028,-0.0591,0.1521,1.016
1.795328693,-1.0066,-0.0608,0.1509,1.020
1.797615693,-1.0073,-0.0620,0.1526,1.021
1.800278231,-1.0073,-0.0613,0.1505,1.020
1.80286777,-1.0059,-0.0606,0.1502,1.019
1.805553,-1.0073,-0.0574,0.1483,1.020
1.807437,-1.0073,-0.0579,0.1495,1.020
1.810451693,-1.0105,-0.0577,0.1517,1.023
1.812947077,-1.0098,-0.0606,0.1490,1.023
1.814628077,-1.0063,-0.0626,0.1502,1.019
1.816745539,-1.0035,-0.0601,0.1488,1.016
1.819139693,-1.0047,-0.0601,0.1474,1.017
1.821779693,-1.0032,-0.0589,0.1458,1.015
1.823836693,-1.0022,-0.0582,0.1478,1.015
1.827022154,-0.9998,-0.0577,0.1476,1.012
1.828867154,-1.0019,-0.0596,0.1476,1.014
1.830928616,-1.0012,-0.0615,0.1468,1.014
1.833453231,-0.9995,-0.0584,0.1474,1.012
1.835773308,-0.9981,-0.0584,0.1458,1.010
1.838544308,-0.9979,-0.0566,0.1478,1.010
1.840300385,-0.9993,-0.0571,0.1481,1.012
1.843690847,-0.9956,-0.0589,0.1478,1.008
1.845248693,-0.9949,-0.0608,0.1488,1.008
1.847503154,-0.9947,-0.0601,0.1493,1.008
1.854192693,-0.9983,-0.0598,0.1502,1.011
1.855112924,-1.0003,-0.0603,0.1481,1.013
1.855557847,-0.9988,-0.0577,0.1486,1.011
1.858952077,-0.9986,-0.0586,0.1483,1.011
1.868986462,-0.9986,-0.0589,0.1465,1.011
1.870020616,-0.9975,-0.0596,0.1490,1.010
1.870472308,-0.9991,-0.0579,0.1478,1.012
1.870837616,-0.9995,-0.0608,0.1486,1.012
1.871133616,-1.0019,-0.0582,0.1483,1.015
1.871915154,-1.0010,-0.0591,0.1488,1.014
1.873768308,-1.0012,-0.0610,0.1495,1.014
1.879704,-1.0028,-0.0596,0.1495,1.016
1.880408308,-1.0030,-0.0606,0.1470,1.015
1.880849847,-1.0044,-0.0591,0.1481,1.017
1.883837539,-1.0030,-0.0584,0.1486,1.016
1.885620924,-0.9991,-0.0582,0.1468,1.011
1.88829977,-1.0030,-0.0569,0.1483,1.015
1.890523154,-1.0003,-0.0559,0.1461,1.012
1.892750462,-0.9983,-0.0569,0.1439,1.010
1.895608077,-0.9991,-0.0601,0.1434,1.011
1.897338847,-0.9949,-0.0615,0.1434,1.007
1.899488,-0.9979,-0.0610,0.1458,1.010
1.90170677,-0.9995,-0.0594,0.1470,1.012
1.904907154,-1.0007,-0.0596,0.1476,1.013
1.907768308,-0.9983,-0.0606,0.1446,1.011
1.908809231,-0.9958,-0.0591,0.1427,1.008
1.911409231,-0.9970,-0.0584,0.1456,1.009
1.913437924,-0.9979,-0.0574,0.1468,1.010
1.916290154,-0.9995,-0.0564,0.1476,1.012
1.91849077,-1.0042,-0.0571,0.1470,1.017
1.920433847,-1.0012,-0.0610,0.1468,1.014
1.923157308,-1.0019,-0.0586,0.1474,1.014
1.925327154,-1.0024,-0.0598,0.1476,1.015
1.927932693,-1.0000,-0.0606,0.1495,1.013
1.929992616,-1.0022,-0.0591,0.1490,1.015
1.932702847,-1.0037,-0.0569,0.1490,1.016
1.934785539,-1.0037,-0.0566,0.1500,1.016
1.939305539,-1.0042,-0.0557,0.1500,1.017
1.940033847,-1.0049,-0.0596,0.1509,1.018
1.942025539,-1.0054,-0.0589,0.1502,1.018
1.944333308,-1.0017,-0.0589,0.1490,1.014
1.94677577,-1.0028,-0.0596,0.1488,1.015
1.949573,-1.0012,-0.0603,0.1495,1.014
1.951385847,-0.9975,-0.0591,0.1490,1.010
1.953486847,-0.9998,-0.0584,0.1519,1.013
1.956664308,-0.9995,-0.0601,0.1500,1.012
1.958884693,-0.9998,-0.0610,0.1488,1.013
1.965202462,-0.9993,-0.0579,0.1478,1.012
1.966245924,-0.9986,-0.0577,0.1488,1.011
1.966665924,-0.9981,-0.0564,0.1468,1.010
1.970005231,-0.9979,-0.0569,0.1488,1.010
1.983926539,-0.9963,-0.0554,0.1476,1.009
1.985072616,-0.9986,-0.0564,0.1474,1.011
1.985595385,-0.9979,-0.0584,0.1474,1.010
1.986179693,-0.9983,-0.0584,0.1502,1.011
1.986637924,-0.9983,-0.0598,0.1505,1.011
1.987084,-1.0007,-0.0584,0.1505,1.014
1.987473,-0.9973,-0.0574,0.1490,1.010
1.987881539,-0.9970,-0.0584,0.1498,1.010
1.989041616,-1.0032,-0.0615,0.1530,1.017
1.991506231,-1.0076,-0.0603,0.1519,1.021
1.994218231,-1.0071,-0.0591,0.1507,1.020
1.996180308,-1.0017,-0.0569,0.1498,1.014
1.998700385,-0.9988,-0.0569,0.1502,1.012
2.000785,-0.9981,-0.0598,0.1502,1.011
2.003428385,-1.0030,-0.0594,0.1490,1.016
2.006178847,-1.0019,-0.0608,0.1476,1.015
2.007833924,-1.0028,-0.0618,0.1478,1.015
2.010256077,-1.0003,-0.0606,0.1468,1.013
2.012608385,-1.0015,-0.0594,0.1461,1.014
2.016498539,-0.9983,-0.0603,0.1465,1.011
2.018470462,-1.0007,-0.0618,0.1465,1.013
2.019734847,-0.9998,-0.0594,0.1449,1.012
2.022250462,-1.0012,-0.0610,0.1414,1.013
2.024505,-1.0022,-0.0589,0.1463,1.015
2.028856308,-1.0028,-0.0574,0.1439,1.015
2.029953616,-0.9998,-0.0596,0.1456,1.012
2.031445924,-1.0028,-0.0601,0.1421,1.015
2.033737,-1.0051,-0.0582,0.1425,1.017
2.036481231,-1.0035,-0.0606,0.1412,1.015
2.039080308,-1.0044,-0.0601,0.1421,1.016
2.045062462,-1.0012,-0.0603,0.1414,1.013
2.04556277,-1.0003,-0.0594,0.1444,1.012
2.046020616,-1.0028,-0.0601,0.1458,1.015
2.048256385,-1.0000,-0.0598,0.1476,1.013
2.050435462,-1.0024,-0.0606,0.1432,1.014
2.053057924,-1.0015,-0.0603,0.1437,1.014
2.058072077,-1.0007,-0.0564,0.1449,1.013
2.058153847,-1.0010,-0.0571,0.1432,1.013
2.060717308,-1.0039,-0.0591,0.1456,1.016
2.062243462,-1.0010,-0.0579,0.1439,1.013
2.064385847,-0.9993,-0.0566,0.1427,1.011
2.066579462,-1.0015,-0.0569,0.1444,1.013
2.06924277,-1.0005,-0.0582,0.1481,1.013
2.071562847,-1.0019,-0.0589,0.1478,1.014
2.074112077,-1.0035,-0.0613,0.1476,1.016
2.078555077,-1.0044,-0.0610,0.1468,1.017
2.078755385,-0.9993,-0.0566,0.1468,1.012
2.080685847,-0.9975,-0.0591,0.1465,1.010
2.083943693,-0.9991,-0.0594,0.1481,1.012
2.085412616,-0.9991,-0.0586,0.1458,1.011
2.087797847,-1.0000,-0.0613,0.1463,1.013
2.090257616,-0.9973,-0.0615,0.1463,1.010
2.092528,-1.0010,-0.0598,0.1451,1.013
2.097294847,-1.0012,-0.0584,0.1456,1.013
2.097729308,-1.0012,-0.0603,0.1458,1.014
2.099737924,-1.0032,-0.0601,0.1470,1.016
2.102259462,-1.0044,-0.0603,0.1465,1.017
2.104468616,-1.0015,-0.0601,0.1483,1.014
2.106996385,-1.0010,-0.0596,0.1468,1.013
2.112485231,-1.0042,-0.0594,0.1481,1.017
2.112812616,-1.0030,-0.0601,0.1490,1.016
2.114205539,-1.0063,-0.0596,0.1490,1.019
2.11649077,-1.0051,-0.0586,0.1507,1.018
2.119597924,-1.0073,-0.0603,0.1505,1.020
2.121919385,-1.0054,-0.0613,0.1495,1.018
2.123915077,-1.0035,-0.0601,0.1498,1.016
2.125919462,-1.0035,-0.0603,0.1486,1.016
2.128211077,-1.0019,-0.0596,0.1490,1.015
2.130636385,-1.0042,-0.0591,0.1483,1.017
2.133351154,-1.0017,-0.0606,0.1470,1.014
2.135393924,-1.0022,-0.0596,0.1456,1.015
2.137367693,-1.0035,-0.0584,0.1461,1.016
2.140115154,-0.9998,-0.0584,0.1470,1.012
2.142324308,-0.9988,-0.0550,0.1463,1.011
2.14477477,-0.9966,-0.0577,0.1434,1.009
2.147298539,-0.9947,-0.0594,0.1468,1.007
2.154684077,-0.9991,-0.0598,0.1441,1.011
2.155620385,-0.9961,-0.0586,0.1456,1.008
2.156057539,-0.9958,-0.0586,0.1465,1.008
2.158150847,-0.9979,-0.0571,0.1451,1.010
2.164461231,-0.9944,-0.0582,0.1439,1.006
2.164780308,-0.9968,-0.0594,0.1463,1.009
2.164988385,-0.9966,-0.0584,0.1461,1.009
2.171988,-0.9979,-0.0574,0.1481,1.010
2.172491385,-0.9983,-0.0596,0.1483,1.011
2.172684,-0.9973,-0.0608,0.1498,1.010
2.172863385,-1.0005,-0.0606,0.1498,1.013
2.175128385,-1.0005,-0.0623,0.1519,1.014
2.177427385,-1.0032,-0.0623,0.1507,1.016
2.180071077,-1.0022,-0.0596,0.1507,1.015
2.182767693,-1.0019,-0.0596,0.1500,1.015
2.184872385,-1.0000,-0.0586,0.1512,1.013
2.187303154,-1.0007,-0.0598,0.1509,1.014
2.189647462,-1.0010,-0.0606,0.1481,1.014
2.19233477,-1.0003,-0.0623,0.1490,1.013
2.194276,-1.0017,-0.0620,0.1502,1.015
2.196431385,-1.0039,-0.0579,0.1502,1.017
2.199813924,-1.0079,-0.0584,0.1519,1.021
2.20165077,-1.0068,-0.0571,0.1537,1.020
2.203356385,-1.0084,-0.0589,0.1521,1.021
2.205617539,-1.0098,-0.0610,0.1512,1.023
2.208411077,-1.0068,-0.0603,0.1505,1.020
2.210937616,-1.0049,-0.0596,0.1488,1.018
2.213233,-1.0010,-0.0571,0.1502,1.014
2.216407077,-1.0010,-0.0579,0.1502,1.014
2.217788,-0.9998,-0.0615,0.1490,1.013
2.220001308,-0.9998,-0.0606,0.1465,1.012
2.223063693,-0.9983,-0.0586,0.1458,1.011
2.227179385,-0.9991,-0.0589,0.1461,1.011
2.227902847,-1.0017,-0.0596,0.1486,1.014
2.230333924,-0.9983,-0.0591,0.1458,1.011
2.233376077,-0.9954,-0.0610,0.1446,1.008
2.234271385,-0.9944,-0.0591,0.1441,1.007
2.23919577,-0.9954,-0.0586,0.1444,1.008
2.239980924,-0.9966,-0.0615,0.1463,1.009
2.241540616,-0.9949,-0.0591,0.1441,1.007
2.244098847,-0.9968,-0.0596,0.1451,1.009
2.246390847,-0.9973,-0.0586,0.1458,1.010
2.248561924,-0.9986,-0.0596,0.1414,1.010
2.251052308,-0.9995,-0.0608,0.1444,1.012
2.253324924,-0.9995,-0.0598,0.1449,1.012
2.255873847,-0.9979,-0.0577,0.1444,1.010
2.258033539,-0.9963,-0.0584,0.1427,1.008
2.266059693,-0.9991,-0.0577,0.1421,1.011
2.267056616,-0.9995,-0.0596,0.1407,1.011
2.267424077,-1.0003,-0.0582,0.1402,1.012
2.26773477,-1.0015,-0.0598,0.1395,1.013
2.269798231,-1.0010,-0.0603,0.1421,1.013
2.284934847,-1.0003,-0.0603,0.1405,1.012
2.285796308,-1.0030,-0.0601,0.1407,1.015
2.286255385,-1.0032,-0.0589,0.1402,1.015
2.286543385,-1.0071,-0.0608,0.1402,1.019
2.286808077,-1.0061,-0.0594,0.1385,1.017
2.287075154,-1.0039,-0.0608,0.1400,1.015
2.287272693,-1.0049,-0.0591,0.1402,1.016
2.288625539,-1.0061,-0.0606,0.1405,1.018
2.29191077,-1.0049,-0.0601,0.1412,1.017
2.293997231,-1.0037,-0.0596,0.1414,1.015
2.296061,-1.0044,-0.0579,0.1417,1.016
2.298193847,-1.0066,-0.0603,0.1429,1.019
2.300392077,-1.0079,-0.0610,0.1449,1.020
2.303089,-1.0047,-0.0598,0.1446,1.017
2.305625539,-1.0044,-0.0613,0.1429,1.016
2.307649539,-1.0005,-0.0601,0.1400,1.012
2.31075977,-1.0015,-0.0598,0.1414,1.013
2.31293877,-1.0019,-0.0628,0.1432,1.014
2.315509308,-1.0015,-0.0615,0.1441,1.014
2.318075385,-0.9995,-0.0591,0.1432,1.011
2.319420924,-1.0003,-0.0603,0.1419,1.012
2.321702539,-0.9993,-0.0603,0.1432,1.011
2.324168308,-0.9979,-0.0596,0.1439,1.010
2.328225924,-1.0012,-0.0594,0.1451,1.013
2.329031077,-1.0030,-0.0613,0.1419,1.015
2.331548385,-1.0056,-0.0586,0.1444,1.018
2.334410462,-1.0056,-0.0601,0.1444,1.018
2.336748924,-1.0054,-0.0615,0.1439,1.018
2.338993924,-1.0054,-0.0608,0.1421,1.017
2.340589308,-1.0019,-0.0594,0.1427,1.014
2.343549308,-1.0037,-0.0606,0.1414,1.015
2.345637616,-1.0037,-0.0601,0.1405,1.015
2.348601616,-1.0037,-0.0584,0.1421,1.015
2.350952616,-1.0024,-0.0620,0.1412,1.014
2.352212616,-1.0012,-0.0610,0.1390,1.013
2.355292308,-0.9993,-0.0598,0.1390,1.011
2.357615385,-1.0005,-0.0591,0.1390,1.012
2.360288616,-0.9991,-0.0596,0.1383,1.010
2.367284308,-1.0005,-0.0598,0.1419,1.012
2.368194231,-1.0022,-0.0594,0.1402,1.014
2.368571693,-1.0007,-0.0596,0.1405,1.012
2.369131385,-1.0010,-0.0591,0.1405,1.013
2.379944924,-1.0012,-0.0613,0.1393,1.013
2.380639154,-1.0028,-0.0591,0.1390,1.014
2.380865924,-1.0037,-0.0589,0.1383,1.015
2.381117847,-1.0003,-0.0564,0.1409,1.012
2.381348924,-1.0005,-0.0603,0.1402,1.012
2.383850231,-0.9998,-0.0569,0.1412,1.011
2.385231154,-0.9991,-0.0574,0.1434,1.011
2.389065616,-0.9993,-0.0566,0.1419,1.011
2.389964616,-0.9973,-0.0550,0.1429,1.009
2.392533539,-1.0000,-0.0577,0.1434,1.012
2.39571177,-0.9998,-0.0566,0.1449,1.012
2.39754677,-0.9986,-0.0564,0.1432,1.010
2.399524308,-1.0010,-0.0601,0.1449,1.013
2.401921539,-1.0007,-0.0582,0.1451,1.013
2.406053924,-1.0024,-0.0571,0.1468,1.015
2.406796616,-1.0032,-0.0579,0.1429,1.015
2.408883154,-1.0019,-0.0559,0.1432,1.014
2.411364077,-1.0003,-0.0566,0.1453,1.012
2.413519077,-1.0022,-0.0608,0.1441,1.014
2.416495077,-1.0035,-0.0596,0.1453,1.016
2.418438462,-1.0024,-0.0591,0.1437,1.014
2.420581539,-1.0005,-0.0574,0.1441,1.012
2.423659154,-1.0017,-0.0591,0.1463,1.014
2.426076693,-1.0003,-0.0586,0.1458,1.013
2.428436385,-1.0005,-0.0608,0.1483,1.013
2.430557231,-1.0042,-0.0606,0.1495,1.017
2.432704616,-1.0051,-0.0606,0.1488,1.018
2.435535077,-1.0059,-0.0584,0.1500,1.019
2.437685231,-1.0019,-0.0594,0.1486,1.015
2.440327385,-1.0015,-0.0603,0.1461,1.014
2.442641924,-1.0003,-0.0594,0.1468,1.013
2.445001308,-1.0015,-0.0586,0.1461,1.014
2.447824077,-1.0015,-0.0586,0.1446,1.014
2.450473616,-0.9966,-0.0569,0.1451,1.009
2.451532924,-0.9986,-0.0571,0.1446,1.011
2.454030231,-0.9991,-0.0584,0.1446,1.011
2.45640277,-0.9975,-0.0562,0.1441,1.009
2.45877477,-0.9968,-0.0582,0.1434,1.009
2.465229308,-0.9998,-0.0559,0.1437,1.012
2.466355385,-0.9988,-0.0574,0.1449,1.011
2.468463154,-1.0005,-0.0582,0.1446,1.013
2.469011077,-1.0015,-0.0594,0.1446,1.014
2.471756308,-1.0005,-0.0591,0.1453,1.013
2.480875154,-1.0005,-0.0586,0.1468,1.013
2.48165077,-1.0005,-0.0569,0.1461,1.013
2.482077924,-0.9973,-0.0596,0.1481,1.010
2.482440077,-0.9966,-0.0574,0.1453,1.009
2.482708693,-0.9995,-0.0584,0.1453,1.012
2.485036308,-1.0015,-0.0589,0.1465,1.014
2.486905,-1.0000,-0.0598,0.1481,1.013
2.48972777,-1.0000,-0.0574,0.1474,1.012
2.492342231,-1.0024,-0.0594,0.1486,1.015
2.494626847,-1.0022,-0.0603,0.1495,1.015
2.496052924,-1.0007,-0.0594,0.1498,1.014
2.498641308,-0.9995,-0.0598,0.1495,1.012
2.501022847,-1.0032,-0.0594,0.1446,1.015
2.505993,-1.0022,-0.0586,0.1458,1.014
2.506750154,-1.0032,-0.0574,0.1461,1.015
2.507923385,-1.0039,-0.0574,0.1458,1.016
2.510700693,-1.0019,-0.0586,0.1441,1.014
2.512699077,-1.0022,-0.0606,0.1441,1.014
2.518013,-0.9998,-0.0574,0.1470,1.012
2.518736924,-1.0003,-0.0591,0.1446,1.012
2.519729308,-1.0017,-0.0574,0.1470,1.014
2.522388616,-1.0037,-0.0582,0.1463,1.016
2.52445477,-1.0028,-0.0571,0.1458,1.015
2.528172385,-1.0000,-0.0574,0.1458,1.012
2.529356616,-0.9998,-0.0582,0.1476,1.012
2.53167177,-1.0028,-0.0584,0.1470,1.015
2.533969231,-1.0005,-0.0569,0.1488,1.013
2.536306847,-1.0003,-0.0574,0.1483,1.013
2.539048616,-1.0012,-0.0584,0.1474,1.014
2.541037,-1.0017,-0.0579,0.1483,1.014
2.544173539,-1.0015,-0.0571,0.1495,1.014
2.546249616,-0.9981,-0.0562,0.1505,1.011
2.55544,-1.0019,-0.0589,0.1486,1.015
2.556406539,-0.9983,-0.0608,0.1490,1.011
2.556758539,-0.9988,-0.0594,0.1478,1.011
2.559764308,-1.0000,-0.0586,0.1481,1.013
2.560088308,-0.9991,-0.0591,0.1474,1.012
2.560415693,-0.9995,-0.0591,0.1483,1.012
2.569961616,-0.9993,-0.0606,0.1481,1.012
2.570744693,-1.0010,-0.0610,0.1486,1.014
2.571055693,-1.0015,-0.0603,0.1488,1.014
2.571358539,-1.0007,-0.0615,0.1498,1.014
2.571601,-1.0032,-0.0615,0.1449,1.015
2.574455385,-1.0028,-0.0601,0.1465,1.015
2.576821847,-1.0035,-0.0574,0.1481,1.016
2.578797924,-1.0037,-0.0584,0.1481,1.016
2.581381847,-1.0019,-0.0601,0.1478,1.015
2.584306539,-1.0005,-0.0589,0.1449,1.013
2.585981231,-1.0022,-0.0591,0.1434,1.014
2.588838154,-1.0000,-0.0582,0.1434,1.012
2.590993847,-0.9983,-0.0584,0.1439,1.010
2.595189308,-1.0005,-0.0589,0.1425,1.012
2.596216077,-0.9998,-0.0571,0.1437,1.012
2.59756777,-0.9983,-0.0586,0.1434,1.010
2.600736924,-0.9991,-0.0574,0.1432,1.011
2.602892693,-1.0037,-0.0579,0.1432,1.015
2.606753616,-0.9983,-0.0579,0.1417,1.010
2.60754277,-1.0007,-0.0574,0.1434,1.013
2.609584616,-0.9991,-0.0569,0.1441,1.011
2.61188777,-1.0005,-0.0598,0.1437,1.013
2.614420616,-1.0012,-0.0574,0.1444,1.013
2.616678231,-0.9973,-0.0582,0.1446,1.009
2.619510231,-0.9991,-0.0574,0.1429,1.011
2.621640077,-1.0015,-0.0586,0.1429,1.013
2.624085308,-1.0012,-0.0598,0.1441,1.013
2.625980693,-1.0028,-0.0591,0.1461,1.015
2.628396,-0.9993,-0.0569,0.1437,1.011
2.631014847,-0.9951,-0.0574,0.1417,1.007
2.633729231,-0.9963,-0.0608,0.1458,1.009
2.635419077,-0.9986,-0.0594,0.1468,1.011
2.638114847,-1.0005,-0.0601,0.1432,1.012
2.640155693,-1.0024,-0.0586,0.1446,1.015
2.642801616,-1.0019,-0.0574,0.1483,1.014
2.645271077,-0.9998,-0.0569,0.1463,1.012
2.647448924,-0.9983,-0.0571,0.1468,1.011
2.654361,-1.0000,-0.0594,0.1458,1.012
2.65523977,-1.0010,-0.0579,0.1478,1.014
2.655619693,-1.0030,-0.0584,0.1498,1.016
2.657804308,-1.0015,-0.0579,0.1498,1.014
2.65885577,-1.0022,-0.0574,0.1486,1.015
2.671017616,-1.0042,-0.0594,0.1476,1.017
2.671856385,-1.0037,-0.0594,0.1470,1.016
2.672091693,-1.0007,-0.0598,0.1470,1.013
2.67233177,-1.0042,-0.0596,0.1463,1.017
2.672534154,-1.0015,-0.0582,0.1468,1.014
2.672729,-1.0047,-0.0603,0.1468,1.017
2.675788308,-1.0035,-0.0591,0.1493,1.016
2.677960077,-1.0059,-0.0603,0.1486,1.019
2.680382539,-1.0039,-0.0606,0.1483,1.017
2.683575462,-1.0032,-0.0601,0.1509,1.016
2.684860693,-1.0000,-0.0594,0.1490,1.013
2.687125539,-0.9998,-0.0591,0.1483,1.012
2.689868077,-1.0003,-0.0586,0.1478,1.013
2.692121539,-1.0000,-0.0594,0.1478,1.013
2.694832308,-0.9979,-0.0584,0.1458,1.010
2.696672693,-1.0000,-0.0586,0.1453,1.012
2.699047385,-0.9993,-0.0577,0.1474,1.012
2.701458231,-0.9981,-0.0571,0.1478,1.011
2.706326847,-0.9979,-0.0584,0.1463,1.010
2.707076077,-0.9970,-0.0598,0.1451,1.009
2.708470154,-0.9947,-0.0584,0.1453,1.007
2.711404308,-0.9954,-0.0601,0.1456,1.008
2.713385924,-0.9966,-0.0608,0.1451,1.009
2.716337616,-0.9968,-0.0579,0.1458,1.009
2.718746539,-0.9961,-0.0566,0.1449,1.008
2.720800385,-0.9970,-0.0579,0.1437,1.009
2.723604077,-0.9970,-0.0566,0.1429,1.009
2.725595154,-0.9983,-0.0598,0.1453,1.011
2.728146154,-1.0028,-0.0562,0.1463,1.015
2.730584616,-1.0003,-0.0564,0.1453,1.012
2.732601616,-1.0012,-0.0577,0.1449,1.013
2.735031077,-1.0019,-0.0613,0.1458,1.014
2.737786847,-1.0028,-0.0606,0.1465,1.015
2.740413616,-1.0015,-0.0594,0.1429,1.013
2.741597308,-1.0017,-0.0586,0.1461,1.014
2.744033924,-1.0035,-0.0589,0.1453,1.016
2.746915154,-1.0028,-0.0586,0.1449,1.015
2.751629,-1.0035,-0.0591,0.1434,1.015
2.752543154,-1.0049,-0.0596,0.1444,1.017
2.753349924,-1.0000,-0.0613,0.1432,1.012
2.756219462,-1.0022,-0.0571,0.1437,1.014
2.75913877,-1.0039,-0.0620,0.1437,1.016
2.765924,-1.0037,-0.0608,0.1470,1.016
2.766869231,-1.0044,-0.0601,0.1451,1.017
2.767291154,-1.0066,-0.0591,0.1456,1.019
2.767666231,-1.0030,-0.0598,0.1458,1.015
2.770304077,-1.0012,-0.0594,0.1463,1.014
2.784883077,-1.0030,-0.0596,0.1446,1.015
2.785706847,-1.0030,-0.0577,0.1446,1.015
2.786258231,-1.0012,-0.0591,0.1441,1.013
2.786561924,-1.0010,-0.0610,0.1417,1.013
2.78684377,-1.0005,-0.0601,0.1417,1.012
2.787071077,-0.9995,-0.0579,0.1412,1.011
2.787289539,-0.9998,-0.0584,0.1432,1.012
2.789890231,-1.0012,-0.0584,0.1451,1.013
2.791644924,-1.0017,-0.0603,0.1458,1.014
2.795079693,-1.0037,-0.0603,0.1434,1.016
2.795865,-1.0039,-0.0623,0.1414,1.016
2.79882277,-1.0032,-0.0628,0.1419,1.015
2.801001308,-1.0037,-0.0618,0.1425,1.016
2.803540077,-1.0037,-0.0608,0.1414,1.015
2.805987154,-1.0024,-0.0598,0.1409,1.014
2.807652077,-0.9998,-0.0594,0.1409,1.011
2.810557847,-0.9993,-0.0601,0.1412,1.011
2.812153924,-0.9998,-0.0608,0.1412,1.012
2.814433,-1.0003,-0.0596,0.1419,1.012
2.817182462,-1.0019,-0.0579,0.1437,1.014
2.819410539,-1.0012,-0.0601,0.1421,1.013
2.822042231,-1.0042,-0.0589,0.1429,1.016
2.82437977,-1.0017,-0.0608,0.1446,1.014
2.826649924,-1.0003,-0.0610,0.1427,1.012
2.828844077,-1.0030,-0.0579,0.1419,1.015
2.831767077,-1.0028,-0.0589,0.1441,1.015
2.833746154,-1.0035,-0.0603,0.1425,1.015
2.836207077,-1.0007,-0.0596,0.1446,1.013
2.838768385,-1.0035,-0.0564,0.1429,1.015
2.840984924,-1.0015,-0.0586,0.1444,1.014
2.843753,-1.0017,-0.0596,0.1439,1.014
2.845513308,-0.9979,-0.0547,0.1437,1.010
2.848063462,-1.0000,-0.0579,0.1437,1.012
2.850318231,-0.9995,-0.0582,0.1437,1.011
2.853170847,-1.0000,-0.0586,0.1441,1.012
2.855529231,-1.0005,-0.0582,0.1437,1.012
2.857335077,-0.9981,-0.0591,0.1441,1.010
2.859719385,-0.9988,-0.0601,0.1434,1.011
2.866943077,-1.0005,-0.0589,0.1444,1.013
2.868036308,-0.9986,-0.0589,0.1470,1.011
2.875405616,-0.9983,-0.0589,0.1425,1.010
2.875897616,-0.9968,-0.0603,0.1439,1.009
2.876169924,-0.9961,-0.0564,0.1458,1.008
2.876480077,-0.9983,-0.0574,0.1446,1.010
2.87685477,-0.9947,-0.0574,0.1453,1.007
2.879996077,-0.9975,-0.0589,0.1474,1.010
2.88081177,-0.9998,-0.0584,0.1478,1.012
2.883654154,-1.0003,-0.0586,0.1456,1.013
2.885379077,-1.0017,-0.0579,0.1463,1.014
2.888172616,-1.0007,-0.0586,0.1470,1.013
2.890849231,-0.9995,-0.0584,0.1470,1.012
2.89334277,-1.0007,-0.0574,0.1474,1.013
2.89542777,-1.0030,-0.0586,0.1481,1.016
2.897175154,-0.9988,-0.0603,0.1468,1.011
2.900392693,-1.0028,-0.0603,0.1474,1.015
2.902737231,-1.0037,-0.0598,0.1481,1.016
2.904724,-1.0022,-0.0596,0.1476,1.015
2.907336616,-1.0019,-0.0574,0.1498,1.015
2.909454231,-1.0015,-0.0586,0.1490,1.014
2.911924,-1.0019,-0.0589,0.1478,1.014
2.91455877,-1.0044,-0.0577,0.1481,1.017
2.916346847,-1.0049,-0.0589,0.1474,1.017
2.918762847,-1.0028,-0.0603,0.1470,1.015
2.921646462,-1.0042,-0.0610,0.1474,1.017
2.923385231,-1.0063,-0.0610,0.1476,1.019
2.925791462,-1.0035,-0.0598,0.1470,1.016
2.92824777,-1.0044,-0.0610,0.1474,1.017
2.930403385,-1.0035,-0.0601,0.1465,1.016
2.932943693,-1.0032,-0.0628,0.1468,1.016
2.935876,-1.0035,-0.0610,0.1465,1.016
2.939795154,-1.0035,-0.0603,0.1446,1.016
2.940515693,-1.0022,-0.0586,0.1461,1.015
2.942719385,-1.0005,-0.0618,0.1481,1.013
2.94482,-1.0010,-0.0594,0.1446,1.013
2.947261539,-1.0030,-0.0582,0.1451,1.015
2.951128385,-0.9993,-0.0574,0.1429,1.011
2.95213077,-1.0005,-0.0566,0.1449,1.013
2.954245231,-0.9966,-0.0606,0.1449,1.009
2.956504308,-0.9968,-0.0598,0.1439,1.009
2.959549924,-0.9975,-0.0559,0.1446,1.010
2.966410231,-0.9986,-0.0574,0.1451,1.011
2.967283693,-0.9995,-0.0579,0.1441,1.011
2.967663385,-0.9993,-0.0574,0.1419,1.011
2.969961308,-0.9983,-0.0574,0.1434,1.010
2.970848308,-0.9995,-0.0569,0.1421,1.011
2.983533539,-1.0019,-0.0574,0.1414,1.013
2.985312385,-0.9991,-0.0542,0.1419,1.011
2.98588377,-0.9995,-0.0566,0.1439,1.011
2.986140693,-1.0005,-0.0577,0.1456,1.013
2.986280693,-1.0005,-0.0569,0.1432,1.012
2.986482539,-1.0010,-0.0579,0.1463,1.013
2.986670847,-1.0012,-0.0562,0.1465,1.013
2.989191154,-0.9991,-0.0562,0.1434,1.011
2.99152277,-0.9968,-0.0582,0.1446,1.009
2.994569847,-1.0019,-0.0589,0.1429,1.014
2.996509847,-0.9981,-0.0589,0.1441,1.010
2.998733539,-1.0007,-0.0579,0.1456,1.013
3.001432924,-0.9975,-0.0579,0.1429,1.009
3.003911462,-0.9973,-0.0562,0.1456,1.009
3.006579154,-0.9979,-0.0579,0.1463,1.010
3.008333924,-0.9979,-0.0569,0.1446,1.010
3.010699154,-0.9988,-0.0586,0.1449,1.011
3.013593847,-0.9973,-0.0571,0.1463,1.010
3.017941616,-0.9983,-0.0584,0.1483,1.011
3.018749308,-1.0000,-0.0571,0.1453,1.012
3.019962154,-0.9991,-0.0589,0.1437,1.011
3.022520385,-1.0024,-0.0596,0.1429,1.014
3.024695077,-1.0005,-0.0579,0.1470,1.013
3.028044385,-1.0010,-0.0586,0.1493,1.014
3.029454154,-0.9995,-0.0608,0.1468,1.012
3.031708693,-1.0017,-0.0591,0.1463,1.014
3.034352077,-1.0017,-0.0603,0.1483,1.014
3.037037924,-1.0003,-0.0577,0.1468,1.013
3.040479077,-1.0019,-0.0596,0.1486,1.015
3.041262539,-1.0039,-0.0591,0.1465,1.016
3.043923462,-1.0042,-0.0586,0.1458,1.016
3.046722539,-1.0030,-0.0594,0.1468,1.015
3.055990154,-1.0007,-0.0591,0.1488,1.013
3.057340385,-1.0037,-0.0586,0.1478,1.016
3.064205231,-1.0028,-0.0586,0.1483,1.015
3.064607154,-1.0024,-0.0571,0.1495,1.015
3.064824924,-1.0003,-0.0591,0.1493,1.013
3.065156924,-0.9988,-0.0582,0.1490,1.011
3.065526539,-1.0032,-0.0608,0.1490,1.016
3.065737847,-0.9991,-0.0579,0.1476,1.012
3.070130462,-0.9981,-0.0594,0.1481,1.011
3.070415693,-0.9995,-0.0584,0.1481,1.012
3.073596308,-0.9975,-0.0574,0.1486,1.010
3.074116924,-0.9986,-0.0591,0.1474,1.011
3.076425001,-1.0010,-0.0582,0.1461,1.013
3.078779385,-1.0012,-0.0559,0.1481,1.014
3.081267693,-1.0022,-0.0564,0.1493,1.015
3.08557977,-1.0028,-0.0606,0.1476,1.015
3.086237001,-1.0056,-0.0601,0.1478,1.018
3.088305308,-1.0076,-0.0596,0.1463,1.020
3.094420308,-1.0056,-0.0606,0.1483,1.018
3.094798847,-1.0084,-0.0591,0.1470,1.021
3.09576777,-1.0044,-0.0589,0.1498,1.017
3.097704308,-1.0051,-0.0571,0.1468,1.017
3.100326539,-0.9986,-0.0559,0.1461,1.011
3.102762539,-1.0005,-0.0601,0.1468,1.013
3.105958231,-1.0007,-0.0606,0.1441,1.013
3.107362847,-1.0019,-0.0591,0.1446,1.014
3.109663077,-0.9988,-0.0603,0.1465,1.011
3.11205977,-0.9995,-0.0606,0.1468,1.012
3.114640308,-1.0005,-0.0598,0.1474,1.013
3.117064693,-1.0012,-0.0577,0.1478,1.014
3.119178154,-1.0042,-0.0557,0.1444,1.016
3.121508616,-1.0015,-0.0538,0.1456,1.013
3.123925001,-1.0047,-0.0564,0.1486,1.017
3.126411462,-1.0019,-0.0552,0.1474,1.014
3.128622154,-1.0024,-0.0574,0.1437,1.014
3.131023693,-1.0019,-0.0577,0.1465,1.014
3.133612693,-1.0015,-0.0589,0.1453,1.014
3.135806462,-0.9981,-0.0574,0.1458,1.010
3.13879077,-0.9966,-0.0569,0.1439,1.009
3.140645924,-0.9970,-0.0577,0.1425,1.009
3.142960693,-0.9958,-0.0577,0.1427,1.008
3.145202231,-0.9942,-0.0586,0.1419,1.006
3.147526154,-0.9986,-0.0574,0.1429,1.010
3.150222231,-0.9954,-0.0545,0.1414,1.007
3.152067077,-0.9951,-0.0566,0.1419,1.007
3.154585231,-0.9954,-0.0582,0.1429,1.007
3.156898847,-0.9949,-0.0559,0.1451,1.007
3.159442154,-0.9966,-0.0559,0.1427,1.008
3.166643693,-0.9951,-0.0577,0.1429,1.007
3.167299154,-0.9975,-0.0594,0.1449,1.010
3.167640693,-1.0000,-0.0584,0.1432,1.012
3.170337616,-0.9995,-0.0596,0.1434,1.011
3.171091077,-1.0037,-0.0591,0.1444,1.016
3.180717001,-1.0051,-0.0601,0.1463,1.017
3.181180616,-1.0056,-0.0591,0.1465,1.018
3.181412001,-1.0059,-0.0586,0.1465,1.018
3.181576616,-1.0056,-0.0596,0.1446,1.018
3.184256616,-1.0039,-0.0601,0.1441,1.016
3.185025308,-1.0035,-0.0582,0.1446,1.016
3.187342462,-1.0028,-0.0589,0.1439,1.015
3.189709616,-1.0042,-0.0613,0.1444,1.016
3.192485616,-1.0042,-0.0594,0.1453,1.016
3.194847077,-1.0030,-0.0594,0.1486,1.016
3.197189001,-1.0019,-0.0598,0.1509,1.015
3.199467154,-1.0047,-0.0562,0.1478,1.017
3.201798462,-1.0047,-0.0589,0.1476,1.017
3.204533231,-1.0044,-0.0594,0.1493,1.017
3.206829308,-1.0039,-0.0584,0.1481,1.016
3.208934462,-1.0042,-0.0584,0.1468,1.017
3.211021924,-1.0000,-0.0577,0.1486,1.013
3.213465847,-1.0015,-0.0574,0.1495,1.014
3.215966462,-0.9949,-0.0577,0.1490,1.008
3.218588693,-0.9993,-0.0579,0.1498,1.012
3.22065577,-1.0010,-0.0557,0.1509,1.014
3.223211154,-0.9995,-0.0559,0.1519,1.013
3.225428616,-0.9983,-0.0586,0.1532,1.012
3.228657924,-0.9986,-0.0562,0.1532,1.012
3.229982847,-0.9995,-0.0574,0.1490,1.012
3.232293847,-0.9979,-0.0586,0.1521,1.011
3.235508077,-0.9954,-0.0594,0.1505,1.008
3.238704077,-0.9975,-0.0571,0.1514,1.011
3.23941477,-0.9988,-0.0577,0.1505,1.012
3.242737308,-0.9995,-0.0610,0.1521,1.013
3.244366462,-0.9963,-0.0606,0.1532,1.010
3.246746231,-0.9939,-0.0579,0.1532,1.007
3.250905924,-0.9958,-0.0569,0.1530,1.009
3.251754462,-0.9975,-0.0594,0.1530,1.011
3.253572077,-1.0003,-0.0606,0.1517,1.014
3.256133539,-1.0015,-0.0589,0.1524,1.015
3.25892377,-0.9995,-0.0586,0.1505,1.012
3.266970847,-1.0003,-0.0586,0.1514,1.013
3.267564924,-1.0042,-0.0601,0.1532,1.018
3.267817308,-1.0035,-0.0594,0.1534,1.017
3.268067077,-1.0017,-0.0584,0.1505,1.015
3.270581616,-1.0022,-0.0601,0.1509,1.015
3.282055385,-1.0037,-0.0586,0.1521,1.017
3.282646539,-1.0000,-0.0603,0.1509,1.013
3.282917539,-1.0039,-0.0589,0.1514,1.017
3.283133308,-1.0061,-0.0596,0.1512,1.019
3.283297924,-1.0047,-0.0574,0.1530,1.018
3.285768385,-1.0012,-0.0603,0.1524,1.015
3.286597539,-1.0022,-0.0574,0.1512,1.015
3.289553539,-1.0024,-0.0582,0.1521,1.016
3.291963462,-1.0007,-0.0579,0.1509,1.014
3.294613539,-1.0003,-0.0569,0.1502,1.013
3.296063693,-1.0000,-0.0586,0.1517,1.013
3.298586154,-0.9998,-0.0579,0.1517,1.013
3.300953924,-0.9979,-0.0589,0.1514,1.011
3.30341577,-0.9975,-0.0582,0.1505,1.011
3.308507693,-0.9973,-0.0591,0.1514,1.011
3.308980077,-0.9991,-0.0557,0.1500,1.012
3.310514847,-0.9973,-0.0577,0.1505,1.010
3.31258277,-0.9993,-0.0596,0.1519,1.013
3.317700924,-0.9968,-0.0596,0.1493,1.010
3.318474462,-0.9968,-0.0562,0.1488,1.009
3.319917539,-0.9991,-0.0586,0.1500,1.012
3.322434539,-0.9986,-0.0594,0.1500,1.012
3.324887385,-0.9988,-0.0601,0.1486,1.012
3.327916001,-0.9961,-0.0582,0.1500,1.009
3.330234847,-0.9988,-0.0589,0.1505,1.012
3.331363462,-0.9981,-0.0596,0.1493,1.011
3.334694231,-1.0003,-0.0594,0.1490,1.013
3.336796693,-1.0028,-0.0564,0.1505,1.016
3.338787154,-1.0042,-0.0569,0.1507,1.017
3.340996693,-1.0035,-0.0606,0.1498,1.016
3.343818462,-1.0030,-0.0603,0.1526,1.016
3.34604677,-1.0051,-0.0598,0.1524,1.018
3.350047385,-1.0042,-0.0620,0.1542,1.018
3.350539693,-1.0088,-0.0594,0.1519,1.022
3.353002539,-1.0054,-0.0598,0.1509,1.018
3.355465539,-1.0044,-0.0579,0.1526,1.018
3.358096077,-1.0032,-0.0582,0.1526,1.016
3.360178231,-1.0019,-0.0582,0.1517,1.015
3.366036308,-1.0032,-0.0594,0.1498,1.016
3.366724924,-0.9986,-0.0586,0.1495,1.011
3.367048924,-0.9988,-0.0582,0.1498,1.012
3.370122154,-0.9973,-0.0577,0.1468,1.010
3.383317001,-0.9949,-0.0569,0.1474,1.007
3.384093231,-0.9961,-0.0569,0.1483,1.009
3.384373308,-0.9979,-0.0589,0.1483,1.011
3.384597924,-0.9988,-0.0571,0.1486,1.011
3.384851693,-0.9991,-0.0571,0.1468,1.011
3.385062462,-1.0003,-0.0579,0.1481,1.013
3.38563977,-1.0005,-0.0542,0.1476,1.013
3.388201231,-0.9973,-0.0559,0.1446,1.009
3.39077977,-0.9991,-0.0571,0.1432,1.011
3.392995154,-0.9970,-0.0569,0.1461,1.009
3.395256001,-0.9958,-0.0579,0.1451,1.008
3.397441308,-0.9958,-0.0589,0.1476,1.008
3.400317001,-0.9988,-0.0574,0.1456,1.011
3.40237977,-0.9981,-0.0591,0.1444,1.010
3.405729231,-1.0015,-0.0586,0.1453,1.014
3.406981001,-0.9966,-0.0554,0.1449,1.009
3.409318231,-1.0005,-0.0559,0.1441,1.012
3.411802154,-1.0010,-0.0603,0.1461,1.013
3.414518539,-1.0039,-0.0586,0.1468,1.016
3.417342847,-1.0032,-0.0608,0.1465,1.016
3.419234847,-1.0024,-0.0582,0.1458,1.015
3.421694847,-1.0054,-0.0586,0.1449,1.017
3.424109308,-1.0030,-0.0579,0.1444,1.015
3.426265847,-1.0012,-0.0577,0.1458,1.013
3.428575077,-1.0000,-0.0577,0.1463,1.012
3.431023462,-1.0019,-0.0571,0.1458,1.014
3.433542462,-1.0007,-0.0571,0.1470,1.013
3.435658231,-1.0024,-0.0577,0.1493,1.015
3.438136616,-1.0037,-0.0571,0.1470,1.016
3.440528616,-1.0056,-0.0594,0.1465,1.018
3.442795154,-1.0015,-0.0586,0.1474,1.014
3.445059693,-1.0024,-0.0598,0.1490,1.015
3.447629539,-1.0007,-0.0579,0.1488,1.013
3.449793001,-1.0012,-0.0591,0.1476,1.014
3.45220377,-1.0000,-0.0571,0.1465,1.012
3.454602462,-1.0005,-0.0577,0.1490,1.013
3.457010231,-0.9993,-0.0591,0.1483,1.012
3.459506847,-0.9988,-0.0603,0.1488,1.012
3.466387462,-0.9981,-0.0591,0.1507,1.011
3.470549924,-0.9983,-0.0584,0.1493,1.011
3.471273924,-0.9986,-0.0610,0.1463,1.011
3.471461924,-0.9973,-0.0574,0.1470,1.010
3.471616077,-0.9981,-0.0574,0.1481,1.011
3.480220924,-0.9983,-0.0594,0.1470,1.011
3.480912001,-0.9968,-0.0582,0.1483,1.009
3.481184385,-0.9991,-0.0582,0.1468,1.011
3.481439693,-0.9983,-0.0564,0.1474,1.011
3.482899154,-0.9983,-0.0577,0.1483,1.011
3.485676616,-0.9973,-0.0557,0.1476,1.010
3.487493001,-0.9970,-0.0579,0.1476,1.010
3.489557539,-1.0005,-0.0566,0.1463,1.013
3.492048616,-0.9995,-0.0596,0.1461,1.012
3.494676308,-0.9981,-0.0571,0.1465,1.010
3.496584616,-0.9991,-0.0594,0.1461,1.011
3.499467462,-0.9993,-0.0589,0.1453,1.012
3.502114231,-1.0000,-0.0613,0.1458,1.012
3.503878231,-1.0019,-0.0586,0.1451,1.014
3.50671577,-0.9991,-0.0589,0.1429,1.011
3.508747385,-1.0010,-0.0571,0.1412,1.013
3.511362154,-0.9998,-0.0591,0.1427,1.012
3.513515385,-1.0012,-0.0579,0.1429,1.013
3.516709231,-1.0010,-0.0566,0.1421,1.013
3.51861177,-1.0037,-0.0557,0.1412,1.015
3.520195154,-1.0022,-0.0559,0.1439,1.014
3.522998154,-1.0010,-0.0594,0.1417,1.013
3.525440308,-1.0015,-0.0564,0.1405,1.013
3.527871154,-1.0042,-0.0569,0.1419,1.016
3.530015385,-1.0044,-0.0594,0.1434,1.016
3.531918539,-1.0022,-0.0577,0.1429,1.014
3.534672385,-1.0000,-0.0559,0.1419,1.012
3.537029539,-1.0005,-0.0582,0.1434,1.012
3.540467154,-1.0003,-0.0594,0.1419,1.012
3.541365001,-0.9973,-0.0584,0.1434,1.009
3.544383385,-0.9983,-0.0584,0.1432,1.010
3.546909231,-0.9968,-0.0584,0.1432,1.009
3.549087693,-0.9983,-0.0569,0.1434,1.010
3.551768693,-1.0005,-0.0586,0.1409,1.012
3.553239385,-0.9998,-0.0591,0.1419,1.012
3.555683462,-1.0028,-0.0594,0.1425,1.015
3.55820777,-0.9961,-0.0586,0.1437,1.008
3.562149231,-0.9993,-0.0589,0.1395,1.011
3.563028385,-0.9988,-0.0608,0.1419,1.011
3.565009616,-0.9993,-0.0589,0.1409,1.011
3.56826377,-0.9991,-0.0582,0.1405,1.011
3.570271077,-0.9956,-0.0586,0.1417,1.007
3.577724385,-0.9988,-0.0608,0.1417,1.011
3.578990231,-1.0010,-0.0594,0.1437,1.013
3.57949877,-1.0059,-0.0596,0.1444,1.018
3.579866847,-1.0054,-0.0598,0.1451,1.018
3.583084077,-1.0073,-0.0598,0.1441,1.019
3.594224693,-1.0061,-0.0618,0.1429,1.018
3.595661616,-1.0063,-0.0635,0.1439,1.019
3.596076616,-1.0066,-0.0606,0.1449,1.019
3.596364308,-1.0061,-0.0598,0.1439,1.018
3.596606154,-1.0059,-0.0598,0.1441,1.018
3.596802154,-1.0049,-0.0601,0.1456,1.017
3.598317308,-1.0056,-0.0586,0.1461,1.018
3.601345847,-1.0024,-0.0586,0.1441,1.014
3.602744077,-1.0024,-0.0586,0.1444,1.014
3.605688385,-1.0042,-0.0579,0.1453,1.016
3.607595693,-1.0037,-0.0598,0.1453,1.016
3.609954539,-1.0061,-0.0594,0.1437,1.018
3.612628924,-1.0019,-0.0596,0.1451,1.014
3.615092924,-1.0015,-0.0598,0.1453,1.014
3.618650539,-1.0022,-0.0552,0.1458,1.014
3.619472924,-1.0000,-0.0571,0.1453,1.012
3.621603385,-1.0000,-0.0566,0.1453,1.012
3.625108001,-0.9993,-0.0594,0.1451,1.012
3.628941539,-0.9986,-0.0574,0.1468,1.011
3.62973077,-0.9983,-0.0569,0.1470,1.011
3.631090539,-0.9995,-0.0579,0.1483,1.012
3.633569001,-0.9970,-0.0574,0.1481,1.010
3.635959693,-0.9995,-0.0574,0.1483,1.012
3.638633616,-1.0007,-0.0586,0.1483,1.013
3.641135462,-0.9981,-0.0603,0.1476,1.011
3.642886539,-0.9998,-0.0603,0.1474,1.012
3.644743077,-0.9975,-0.0596,0.1478,1.010
3.647803693,-0.9983,-0.0582,0.1481,1.011
3.650814154,-0.9968,-0.0591,0.1488,1.010
3.652741308,-0.9973,-0.0584,0.1451,1.010
3.655619693,-1.0003,-0.0594,0.1453,1.013
3.657242539,-0.9988,-0.0603,0.1456,1.011
3.659651693,-0.9998,-0.0566,0.1488,1.012
3.664750231,-1.0005,-0.0569,0.1465,1.013
3.665590847,-1.0005,-0.0591,0.1483,1.013
3.666896924,-0.9991,-0.0586,0.1478,1.012
3.66933877,-1.0015,-0.0586,0.1481,1.014
3.680612693,-1.0000,-0.0591,0.1478,1.013
3.681268693,-1.0030,-0.0596,0.1478,1.016
3.681510231,-1.0035,-0.0613,0.1461,1.016
3.681704308,-1.0017,-0.0601,0.1468,1.014
3.682010462,-1.0024,-0.0577,0.1476,1.015
3.683790847,-1.0024,-0.0594,0.1470,1.015
3.685267077,-0.9986,-0.0608,0.1453,1.011
3.687716077,-1.0015,-0.0596,0.1465,1.014
3.689931693,-0.9998,-0.0579,0.1441,1.012
3.692559693,-1.0003,-0.0577,0.1421,1.012
3.695499154,-1.0000,-0.0579,0.1402,1.011
3.697338462,-1.0000,-0.0582,0.1427,1.012
3.699681847,-0.9993,-0.0577,0.1453,1.011
3.702743693,-0.9983,-0.0598,0.1437,1.010
3.705250154,-0.9979,-0.0584,0.1405,1.009
3.70758677,-0.9979,-0.0577,0.1405,1.009
3.708958847,-0.9970,-0.0584,0.1444,1.009
3.711254462,-0.9951,-0.0557,0.1427,1.007
3.714630847,-0.9961,-0.0554,0.1439,1.008
3.717996077,-0.9988,-0.0589,0.1437,1.011
3.718737924,-0.9991,-0.0579,0.1449,1.011
3.720858154,-1.0015,-0.0577,0.1434,1.013
3.723286539,-1.0003,-0.0579,0.1449,1.012
3.726016385,-1.0010,-0.0586,0.1444,1.013
3.729325924,-1.0037,-0.0577,0.1474,1.016
3.730101539,-1.0044,-0.0610,0.1493,1.017
3.732490231,-1.0039,-0.0594,0.1461,1.016
3.734915077,-1.0061,-0.0591,0.1444,1.018
3.737582154,-1.0042,-0.0594,0.1465,1.017
3.739891385,-1.0049,-0.0574,0.1456,1.017
3.742594847,-1.0054,-0.0598,0.1434,1.017
3.74512777,-1.0044,-0.0589,0.1456,1.017
3.747741231,-1.0049,-0.0574,0.1463,1.017
3.751260924,-1.0039,-0.0620,0.1474,1.017
3.751940308,-1.0059,-0.0591,0.1456,1.018
3.753807385,-1.0022,-0.0594,0.1434,1.014
3.756616924,-1.0032,-0.0598,0.1449,1.015
3.759169616,-1.0017,-0.0608,0.1449,1.014
3.762697231,-0.9991,-0.0603,0.1444,1.011
3.763505847,-0.9991,-0.0601,0.1444,1.011
3.76560377,-1.0030,-0.0618,0.1432,1.015
3.76819877,-0.9998,-0.0591,0.1444,1.012
3.770546154,-1.0022,-0.0582,0.1444,1.014
3.777278154,-1.0022,-0.0566,0.1432,1.014
3.778242462,-1.0017,-0.0577,0.1429,1.014
3.778624924,-0.9991,-0.0569,0.1434,1.011
3.782021231,-0.9973,-0.0577,0.1446,1.009
3.782748693,-0.9973,-0.0584,0.1407,1.009
3.793000693,-1.0000,-0.0589,0.1417,1.012
3.793949001,-0.9963,-0.0584,0.1421,1.008
3.794282847,-0.9954,-0.0598,0.1419,1.007
3.794511462,-0.9966,-0.0591,0.1425,1.008
3.794850154,-1.0000,-0.0601,0.1432,1.012
3.796800077,-1.0007,-0.0566,0.1417,1.012
3.799064077,-1.0005,-0.0596,0.1409,1.012
3.801500077,-0.9970,-0.0613,0.1417,1.009
3.803847077,-0.9986,-0.0594,0.1419,1.010
3.806757924,-0.9975,-0.0577,0.1412,1.009
3.808013616,-1.0000,-0.0562,0.1407,1.011
3.81087477,-1.0007,-0.0571,0.1405,1.012
3.813521231,-1.0017,-0.0591,0.1400,1.013
3.815573847,-0.9991,-0.0577,0.1405,1.011
3.817608924,-1.0017,-0.0569,0.1395,1.013
3.819784693,-1.0028,-0.0569,0.1429,1.014
3.822808924,-1.0024,-0.0574,0.1439,1.014
3.825015385,-1.0003,-0.0579,0.1439,1.012
3.82750277,-1.0039,-0.0589,0.1429,1.016
3.82947877,-1.0024,-0.0601,0.1446,1.015
3.832009231,-1.0044,-0.0603,0.1421,1.016
3.834602847,-1.0037,-0.0596,0.1429,1.016
3.836569001,-1.0010,-0.0618,0.1427,1.013
3.839564385,-0.9991,-0.0613,0.1421,1.011
3.841177001,-0.9986,-0.0594,0.1427,1.010
3.843660308,-1.0028,-0.0564,0.1425,1.014
3.845931077,-1.0010,-0.0582,0.1425,1.013
3.848401924,-1.0022,-0.0577,0.1453,1.014
3.850964385,-1.0028,-0.0574,0.1434,1.015
3.852930231,-1.0012,-0.0591,0.1449,1.013
3.855350231,-1.0022,-0.0603,0.1458,1.015
3.857947462,-1.0015,-0.0584,0.1453,1.014
3.861990847,-1.0035,-0.0591,0.1456,1.016
3.862824077,-1.0030,-0.0584,0.1458,1.015
3.865084616,-1.0012,-0.0571,0.1441,1.013
3.867800616,-1.0005,-0.0591,0.1456,1.013
3.870207462,-1.0015,-0.0589,0.1470,1.014
3.878802231,-0.9983,-0.0594,0.1446,1.010
3.879797847,-1.0003,-0.0591,0.1434,1.012
3.880183154,-1.0019,-0.0596,0.1441,1.014
3.882892385,-1.0022,-0.0594,0.1474,1.015
3.883239154,-1.0010,-0.0577,0.1453,1.013
3.884311154,-1.0012,-0.0569,0.1458,1.013
3.894485924,-1.0044,-0.0603,0.1468,1.017
3.895317231,-1.0032,-0.0589,0.1449,1.015
3.895659693,-1.0059,-0.0613,0.1444,1.018
3.895975693,-1.0035,-0.0596,0.1437,1.015
3.896251154,-0.9993,-0.0582,0.1439,1.011
3.898184693,-0.9995,-0.0589,0.1432,1.011
3.900526231,-0.9993,-0.0596,0.1427,1.011
3.903379462,-1.0007,-0.0569,0.1395,1.012
3.905064077,-0.9975,-0.0584,0.1397,1.009
3.907318231,-0.9981,-0.0582,0.1393,1.009
3.909403462,-0.9983,-0.0596,0.1400,1.010
3.912625308,-1.0003,-0.0571,0.1385,1.011
3.915071154,-0.9995,-0.0591,0.1388,1.011
3.91859177,-1.0019,-0.0586,0.1365,1.013
3.919312924,-1.0007,-0.0566,0.1373,1.012
3.921784077,-0.9983,-0.0577,0.1378,1.009
3.924521616,-1.0005,-0.0584,0.1376,1.012
3.925995154,-0.9995,-0.0601,0.1348,1.010
3.929148693,-1.0024,-0.0608,0.1385,1.014
3.931519385,-1.0015,-0.0559,0.1365,1.012
3.93373177,-1.0017,-0.0569,0.1378,1.013
3.935747385,-1.0017,-0.0574,0.1373,1.013
3.938206539,-1.0003,-0.0579,0.1390,1.012
3.940520924,-0.9991,-0.0591,0.1383,1.010
3.942759385,-1.0012,-0.0569,0.1395,1.012
3.945628385,-1.0000,-0.0574,0.1395,1.011
3.947668924,-1.0028,-0.0559,0.1395,1.014
3.950016308,-1.0010,-0.0571,0.1414,1.013
3.95245077,-1.0017,-0.0577,0.1432,1.014
3.95463077,-1.0028,-0.0566,0.1439,1.015
3.957017001,-1.0030,-0.0550,0.1439,1.015
3.959601924,-1.0035,-0.0584,0.1419,1.015
3.962051077,-1.0042,-0.0589,0.1437,1.016
3.963869308,-1.0003,-0.0598,0.1427,1.012
3.967010154,-1.0015,-0.0571,0.1407,1.013
3.969075462,-0.9961,-0.0569,0.1402,1.008
3.971026847,-1.0010,-0.0584,0.1421,1.013
3.977113001,-0.9970,-0.0579,0.1419,1.009
3.978012308,-0.9993,-0.0596,0.1429,1.011
3.978416924,-0.9973,-0.0596,0.1417,1.009
3.981500385,-0.9986,-0.0584,0.1456,1.011
3.992816385,-1.0000,-0.0598,0.1439,1.012
3.993546539,-0.9995,-0.0591,0.1444,1.012
3.993920616,-0.9995,-0.0610,0.1444,1.012
3.994191693,-1.0022,-0.0582,0.1456,1.014
3.994484001,-1.0019,-0.0586,0.1441,1.014
3.995113231,-1.0039,-0.0615,0.1449,1.016
3.996792077,-1.0022,-0.0579,0.1461,1.014
3.999284001,-1.0022,-0.0582,0.1453,1.014
4.001761847,-1.0007,-0.0601,0.1432,1.013
4.004050154,-1.0042,-0.0589,0.1456,1.016
4.007137616,-1.0035,-0.0601,0.1441,1.016
4.008534462,-1.0000,-0.0579,0.1437,1.012
4.011176693,-1.0022,-0.0591,0.1441,1.014
4.013511462,-1.0022,-0.0606,0.1451,1.015
4.016039693,-0.9998,-0.0586,0.1444,1.012
4.018232924,-1.0039,-0.0577,0.1451,1.016
4.020414539,-1.0054,-0.0571,0.1439,1.017
4.02368677,-1.0047,-0.0569,0.1427,1.016
4.025237847,-1.0054,-0.0569,0.1434,1.017
4.028793847,-1.0030,-0.0574,0.1425,1.015
4.029898154,-0.9995,-0.0591,0.1427,1.011
4.032723385,-1.0035,-0.0574,0.1434,1.015
4.03503077,-1.0024,-0.0584,0.1417,1.014
4.037229231,-1.0024,-0.0589,0.1405,1.014
4.040720924,-1.0032,-0.0571,0.1425,1.015
4.041581924,-1.0044,-0.0582,0.1429,1.016
4.044383077,-1.0024,-0.0574,0.1419,1.014
4.046784385,-1.0032,-0.0582,0.1446,1.015
4.05015877,-1.0035,-0.0591,0.1446,1.016
4.052525616,-1.0035,-0.0606,0.1449,1.016
4.053382154,-1.0000,-0.0598,0.1429,1.012
4.056670462,-1.0022,-0.0606,0.1437,1.014
4.058598462,-1.0047,-0.0598,0.1419,1.016
4.061804077,-1.0044,-0.0591,0.1446,1.016
4.064197539,-1.0054,-0.0623,0.1449,1.018
4.065724924,-1.0022,-0.0601,0.1439,1.014
4.068009539,-1.0022,-0.0610,0.1439,1.014
4.070771077,-0.9995,-0.0601,0.1427,1.011
4.078084308,-1.0030,-0.0603,0.1453,1.015
4.079083077,-1.0003,-0.0594,0.1434,1.012
4.079437539,-1.0003,-0.0608,0.1444,1.012
4.083843154,-1.0010,-0.0577,0.1465,1.013
4.084307077,-1.0022,-0.0579,0.1451,1.014
4.084632924,-1.0005,-0.0579,0.1441,1.012
4.091276616,-0.9975,-0.0579,0.1444,1.010
4.09150677,-1.0015,-0.0589,0.1451,1.014
4.091600385,-1.0000,-0.0577,0.1444,1.012
4.093946462,-1.0010,-0.0579,0.1444,1.013
4.108192308,-1.0012,-0.0601,0.1432,1.013
4.108557924,-1.0015,-0.0591,0.1446,1.014
4.108672693,-1.0005,-0.0584,0.1453,1.013
4.108769924,-1.0015,-0.0584,0.1441,1.014
4.108853231,-1.0030,-0.0596,0.1458,1.015
4.108964924,-1.0039,-0.0596,0.1449,1.016
4.109909539,-1.0028,-0.0591,0.1465,1.015
4.113277231,-1.0017,-0.0589,0.1453,1.014
4.121260001,-1.0017,-0.0594,0.1437,1.014
4.121384001,-1.0007,-0.0596,0.1432,1.013
4.12145177,-1.0003,-0.0584,0.1444,1.012
4.121512616,-1.0028,-0.0586,0.1437,1.015
4.125792001,-1.0022,-0.0613,0.1476,1.015
4.126395693,-0.9968,-0.0594,0.1444,1.009
4.128934462,-1.0028,-0.0598,0.1449,1.015
4.130872077,-1.0022,-0.0596,0.1441,1.014
4.13311577,-0.9981,-0.0594,0.1451,1.010
4.135557924,-0.9993,-0.0584,0.1439,1.011
4.138277924,-1.0010,-0.0596,0.1470,1.014
4.140397847,-0.9983,-0.0574,0.1474,1.011
4.142692385,-0.9995,-0.0579,0.1446,1.012
4.145306539,-0.9975,-0.0562,0.1441,1.009
4.147474539,-1.0010,-0.0552,0.1461,1.013
4.151114462,-1.0005,-0.0574,0.1439,1.012
4.152318231,-0.9995,-0.0577,0.1451,1.012
4.154786462,-0.9993,-0.0557,0.1465,1.012
4.157089847,-0.9973,-0.0589,0.1468,1.010
4.159609308,-0.9961,-0.0577,0.1461,1.008
4.162456693,-0.9958,-0.0566,0.1461,1.008
4.164152385,-0.9954,-0.0564,0.1458,1.008
4.167652693,-0.9975,-0.0589,0.1481,1.010
4.168881308,-0.9993,-0.0579,0.1490,1.012
4.170972693,-0.9998,-0.0584,0.1478,1.012
4.176230462,-0.9993,-0.0591,0.1458,1.012
4.176543462,-0.9995,-0.0571,0.1463,1.012
4.180418539,-0.9983,-0.0598,0.1488,1.011
4.180649001,-1.0017,-0.0582,0.1481,1.014
4.184385924,-1.0007,-0.0608,0.1486,1.014
4.185527385,-1.0024,-0.0608,0.1468,1.015
4.187744077,-1.0007,-0.0596,0.1481,1.013
4.190142154,-1.0012,-0.0586,0.1490,1.014
4.192798154,-1.0022,-0.0584,0.1483,1.015
4.196786462,-1.0019,-0.0586,0.1463,1.014
4.197053231,-1.0066,-0.0626,0.1456,1.019
4.199603077,-1.0024,-0.0613,0.1453,1.015
4.202454231,-1.0042,-0.0577,0.1453,1.016
4.204082539,-1.0039,-0.0606,0.1441,1.016
4.207337924,-1.0012,-0.0586,0.1470,1.014
4.209582154,-1.0028,-0.0571,0.1453,1.015
4.211177231,-1.0030,-0.0577,0.1456,1.015
4.213740693,-0.9979,-0.0566,0.1465,1.010
4.218858231,-1.0024,-0.0582,0.1468,1.015
4.219130154,-1.0005,-0.0582,0.1465,1.013
4.220796001,-1.0005,-0.0564,0.1470,1.013
4.223136693,-1.0000,-0.0589,0.1456,1.012
4.225506154,-0.9995,-0.0589,0.1458,1.012
4.227818154,-1.0024,-0.0598,0.1437,1.014
4.230663077,-1.0010,-0.0577,0.1474,1.013
4.23251877,-0.9975,-0.0579,0.1456,1.010
4.238163077,-0.9991,-0.0574,0.1441,1.011
4.238790847,-0.9993,-0.0574,0.1458,1.012
4.240646847,-0.9981,-0.0557,0.1451,1.010
4.242306847,-0.9981,-0.0574,0.1441,1.010
4.244425231,-0.9961,-0.0579,0.1449,1.008
4.246752616,-0.9983,-0.0562,0.1453,1.010
4.249635077,-0.9970,-0.0577,0.1446,1.009
4.25473177,-0.9979,-0.0582,0.1453,1.010
4.255241231,-0.9968,-0.0577,0.1441,1.009
4.256834847,-0.9975,-0.0584,0.1451,1.010
4.259527693,-0.9988,-0.0591,0.1444,1.011
4.262132924,-1.0010,-0.0591,0.1427,1.013
4.263657308,-1.0012,-0.0596,0.1432,1.013
4.265733001,-1.0019,-0.0582,0.1441,1.014
4.268476616,-1.0028,-0.0589,0.1417,1.014
4.271183077,-1.0042,-0.0577,0.1432,1.016
4.277568924,-1.0047,-0.0584,0.1417,1.016
4.278682154,-1.0044,-0.0577,0.1421,1.016
4.279100077,-1.0051,-0.0571,0.1419,1.017
4.281261539,-1.0049,-0.0596,0.1421,1.017
4.283986154,-1.0059,-0.0610,0.1425,1.018
4.292938231,-1.0044,-0.0589,0.1414,1.016
4.293716001,-1.0042,-0.0584,0.1427,1.016
4.294133231,-1.0035,-0.0601,0.1417,1.015
4.294358539,-1.0044,-0.0598,0.1409,1.016
4.294594462,-1.0042,-0.0591,0.1412,1.016
4.296779385,-1.0019,-0.0571,0.1419,1.014
4.298944385,-1.0012,-0.0569,0.1425,1.013
4.301226847,-1.0022,-0.0589,0.1388,1.014
4.304021308,-1.0015,-0.0596,0.1402,1.013
4.307058539,-1.0010,-0.0579,0.1425,1.013
4.30855177,-1.0005,-0.0584,0.1451,1.013
4.310850231,-1.0005,-0.0545,0.1427,1.012
4.313634847,-1.0012,-0.0566,0.1446,1.013
4.315800078,-0.9973,-0.0571,0.1407,1.009
4.317960616,-0.9973,-0.0598,0.1417,1.009
4.320001001,-0.9956,-0.0577,0.1400,1.007
4.322435385,-0.9991,-0.0569,0.1425,1.011
4.324731385,-0.9966,-0.0591,0.1441,1.009
4.329618539,-0.9970,-0.0584,0.1437,1.009
4.330642462,-0.9956,-0.0571,0.1437,1.008
4.332252308,-0.9963,-0.0571,0.1456,1.009
4.334745001,-0.9995,-0.0564,0.1453,1.012
4.336892385,-0.9998,-0.0547,0.1451,1.012
4.339314231,-0.9998,-0.0552,0.1451,1.012
4.341961001,-1.0007,-0.0574,0.1474,1.013
4.344013001,-0.9995,-0.0566,0.1461,1.012
4.34665477,-1.0010,-0.0591,0.1451,1.013
4.348867385,-1.0010,-0.0601,0.1458,1.013
4.351246154,-1.0028,-0.0577,0.1458,1.015
4.35366777,-1.0019,-0.0586,0.1468,1.014
4.355715385,-1.0019,-0.0598,0.1441,1.014
4.358558462,-1.0022,-0.0594,0.1463,1.015
4.361156078,-1.0047,-0.0603,0.1468,1.017
4.364424924,-1.0035,-0.0591,0.1458,1.016
4.365453001,-1.0017,-0.0594,0.1478,1.014
4.367450231,-1.0028,-0.0610,0.1474,1.015
4.36975177,-1.0051,-0.0584,0.1478,1.018
4.374808078,-1.0066,-0.0601,0.1456,1.019
4.375485308,-1.0059,-0.0571,0.1451,1.018
4.378173847,-1.0047,-0.0589,0.1451,1.017
4.380589924,-1.0044,-0.0606,0.1449,1.017
4.381417308,-1.0054,-0.0566,0.1439,1.017
4.388594154,-1.0063,-0.0579,0.1419,1.018
4.38923477,-1.0042,-0.0589,0.1432,1.016
4.389549231,-1.0003,-0.0586,0.1419,1.012
4.391123385,-1.0028,-0.0589,0.1444,1.015
4.393411078,-1.0028,-0.0571,0.1463,1.015
4.395603693,-1.0005,-0.0577,0.1453,1.013
4.397933001,-1.0007,-0.0569,0.1456,1.013
4.400779462,-1.0012,-0.0559,0.1474,1.014
4.403155154,-1.0017,-0.0574,0.1476,1.014
4.406875154,-1.0035,-0.0601,0.1481,1.016
4.40785077,-0.9998,-0.0586,0.1481,1.012
4.409784308,-1.0024,-0.0584,0.1483,1.015
4.412477539,-0.9993,-0.0569,0.1500,1.012
4.414442154,-0.9975,-0.0579,0.1458,1.010
4.417518462,-0.9961,-0.0557,0.1474,1.009
4.419185847,-0.9966,-0.0566,0.1465,1.009
4.421461616,-0.9963,-0.0564,0.1481,1.009
4.424028385,-0.9961,-0.0569,0.1468,1.008
4.42858677,-0.9979,-0.0577,0.1470,1.010
4.429249616,-0.9973,-0.0557,0.1468,1.010
4.431355693,-0.9973,-0.0571,0.1465,1.010
4.433731078,-1.0003,-0.0564,0.1488,1.013
4.435521231,-1.0010,-0.0557,0.1490,1.014
4.437934231,-0.9995,-0.0552,0.1488,1.012
4.440456616,-1.0007,-0.0569,0.1451,1.013
4.442923078,-1.0019,-0.0562,0.1468,1.014
4.445521539,-1.0017,-0.0552,0.1449,1.014
4.447720693,-1.0019,-0.0569,0.1458,1.014
4.451268693,-1.0015,-0.0552,0.1444,1.013
4.453253924,-1.0024,-0.0566,0.1444,1.014
4.455057539,-1.0010,-0.0582,0.1429,1.013
4.457007154,-0.9993,-0.0574,0.1429,1.011
4.460018539,-1.0012,-0.0589,0.1421,1.013
4.462082231,-1.0003,-0.0594,0.1446,1.012
4.464469924,-1.0030,-0.0582,0.1432,1.015
4.466471385,-0.9998,-0.0594,0.1417,1.012
4.468537616,-1.0012,-0.0589,0.1417,1.013
4.471051078,-1.0035,-0.0557,0.1414,1.015
4.477025308,-1.0037,-0.0574,0.1400,1.015
4.48303577,-1.0035,-0.0589,0.1405,1.015
4.483497616,-1.0022,-0.0571,0.1421,1.014
4.483697001,-0.9981,-0.0601,0.1409,1.010
4.483878847,-0.9986,-0.0589,0.1393,1.010
4.48724277,-0.9986,-0.0584,0.1376,1.010
4.487740308,-0.9968,-0.0564,0.1409,1.008
4.489989231,-1.0030,-0.0550,0.1437,1.015
4.492265924,-1.0042,-0.0586,0.1437,1.016
4.49495577,-1.0028,-0.0582,0.1427,1.015
4.497066539,-1.0015,-0.0589,0.1441,1.014
4.499466462,-0.9979,-0.0582,0.1419,1.010
4.501410154,-0.9998,-0.0584,0.1425,1.012
4.50578277,-1.0003,-0.0562,0.1412,1.012
4.51037077,-1.0015,-0.0564,0.1437,1.013
4.510784308,-1.0003,-0.0582,0.1434,1.012
4.511740924,-1.0022,-0.0574,0.1437,1.014
4.513928308,-1.0019,-0.0571,0.1427,1.014
4.519333231,-1.0028,-0.0579,0.1429,1.015
4.519596308,-1.0022,-0.0559,0.1434,1.014
4.520596078,-1.0037,-0.0562,0.1456,1.016
4.522888616,-1.0017,-0.0591,0.1453,1.014
4.525169539,-1.0022,-0.0589,0.1439,1.014
4.52763877,-1.0032,-0.0601,0.1414,1.015
4.530115693,-1.0015,-0.0591,0.1434,1.013
4.532701924,-1.0039,-0.0591,0.1425,1.016
4.534698154,-1.0019,-0.0582,0.1425,1.014
4.537375462,-1.0012,-0.0574,0.1419,1.013
4.539579385,-1.0028,-0.0579,0.1405,1.014
4.542061231,-1.0022,-0.0594,0.1414,1.014
4.544398231,-0.9991,-0.0591,0.1432,1.011
4.546853924,-1.0022,-0.0574,0.1449,1.014
4.548956693,-1.0005,-0.0579,0.1429,1.012
4.551367385,-0.9995,-0.0584,0.1441,1.012
4.553597308,-0.9998,-0.0594,0.1419,1.012
4.556280924,-1.0003,-0.0562,0.1427,1.012
4.559076924,-0.9991,-0.0552,0.1444,1.011
4.566055385,-0.9991,-0.0579,0.1451,1.011
4.566999154,-0.9968,-0.0562,0.1458,1.009
4.567399385,-1.0007,-0.0584,0.1439,1.013
4.568174539,-1.0017,-0.0591,0.1451,1.014
4.570520693,-1.0030,-0.0564,0.1446,1.015
4.581923078,-1.0024,-0.0571,0.1461,1.015
4.582709308,-1.0028,-0.0577,0.1468,1.015
4.582933847,-1.0032,-0.0596,0.1456,1.015
4.58315877,-1.0028,-0.0606,0.1456,1.015
4.583365616,-1.0012,-0.0584,0.1465,1.014
4.584761231,-1.0003,-0.0571,0.1458,1.012
4.587049924,-1.0010,-0.0564,0.1458,1.013
4.589423078,-1.0017,-0.0574,0.1449,1.014
4.591681539,-1.0017,-0.0603,0.1437,1.014
4.594572924,-1.0015,-0.0577,0.1449,1.014
4.596540001,-1.0012,-0.0554,0.1453,1.013
4.598386539,-1.0015,-0.0571,0.1449,1.014
4.600868078,-1.0030,-0.0569,0.1451,1.015
4.603052924,-1.0030,-0.0577,0.1417,1.015
4.60573477,-1.0005,-0.0594,0.1463,1.013
4.607870231,-1.0007,-0.0571,0.1429,1.012
4.610575462,-1.0022,-0.0571,0.1444,1.014
4.613065001,-1.0007,-0.0586,0.1437,1.013
4.615048385,-1.0022,-0.0582,0.1432,1.014
4.617412078,-1.0044,-0.0577,0.1444,1.016
4.619553924,-1.0044,-0.0577,0.1458,1.017
4.622074847,-1.0049,-0.0533,0.1488,1.017
4.624340616,-1.0022,-0.0579,0.1449,1.014
4.626789001,-1.0024,-0.0571,0.1444,1.014
4.629199385,-1.0005,-0.0594,0.1439,1.013
4.631614462,-0.9991,-0.0582,0.1444,1.011
4.633723693,-0.9975,-0.0571,0.1432,1.009
4.636426154,-0.9979,-0.0574,0.1432,1.010
4.639347078,-0.9995,-0.0559,0.1446,1.011
4.640669308,-0.9991,-0.0566,0.1425,1.011
4.643594847,-0.9988,-0.0564,0.1421,1.010
4.64573977,-0.9966,-0.0564,0.1425,1.008
4.648075078,-0.9995,-0.0557,0.1441,1.011
4.650757231,-0.9991,-0.0547,0.1453,1.011
4.653332308,-0.9968,-0.0559,0.1453,1.009
4.655749001,-0.9975,-0.0564,0.1456,1.010
4.657928616,-1.0005,-0.0589,0.1439,1.013
4.662797539,-1.0015,-0.0571,0.1434,1.013
4.663875078,-0.9988,-0.0569,0.1444,1.011
4.665043154,-0.9983,-0.0579,0.1437,1.010
4.666831078,-0.9983,-0.0577,0.1465,1.011
4.66941877,-1.0003,-0.0579,0.1461,1.013
4.671690539,-1.0022,-0.0569,0.1456,1.014
4.676943385,-1.0028,-0.0554,0.1451,1.015
4.677705308,-1.0030,-0.0574,0.1434,1.015
4.678900001,-1.0024,-0.0566,0.1441,1.014
4.681537924,-1.0010,-0.0571,0.1444,1.013
4.692376078,-1.0024,-0.0574,0.1446,1.014
4.693112308,-1.0039,-0.0577,0.1449,1.016
4.693405847,-1.0019,-0.0579,0.1429,1.014
4.693606231,-1.0012,-0.0566,0.1421,1.013
4.693949539,-1.0030,-0.0579,0.1456,1.015
4.69641477,-1.0003,-0.0571,0.1446,1.012
4.697523078,-1.0019,-0.0591,0.1437,1.014
4.699912616,-1.0019,-0.0586,0.1417,1.014
4.702652078,-1.0017,-0.0598,0.1427,1.014
4.704840924,-1.0007,-0.0566,0.1427,1.012
4.707240693,-0.9993,-0.0566,0.1409,1.011
4.709245001,-1.0005,-0.0564,0.1412,1.012
4.71159977,-1.0015,-0.0582,0.1439,1.013
4.714211693,-1.0030,-0.0582,0.1449,1.015
4.716697001,-1.0012,-0.0582,0.1456,1.013
4.719605001,-0.9998,-0.0589,0.1444,1.012
4.721434154,-0.9993,-0.0579,0.1439,1.011
4.723624308,-1.0012,-0.0554,0.1421,1.013
4.725948616,-1.0022,-0.0569,0.1456,1.014
4.728898462,-1.0005,-0.0562,0.1439,1.012
4.73086377,-0.9991,-0.0591,0.1446,1.011
4.733642462,-1.0039,-0.0577,0.1478,1.016
4.735401539,-1.0024,-0.0559,0.1456,1.015
4.741045231,-1.0030,-0.0557,0.1468,1.015
4.741990462,-1.0047,-0.0550,0.1439,1.016
4.743771462,-1.0017,-0.0586,0.1463,1.014
4.745012308,-1.0042,-0.0594,0.1434,1.016
4.747245001,-1.0047,-0.0574,0.1421,1.016
4.750044385,-1.0024,-0.0547,0.1446,1.014
4.751967078,-1.0000,-0.0554,0.1449,1.012
4.754596078,-1.0017,-0.0550,0.1434,1.013
4.756552308,-1.0000,-0.0535,0.1444,1.012
4.758978539,-1.0003,-0.0554,0.1453,1.012
4.764030231,-1.0000,-0.0554,0.1465,1.012
4.764872308,-1.0015,-0.0574,0.1465,1.014
4.766193924,-1.0010,-0.0589,0.1456,1.013
4.768498462,-1.0017,-0.0594,0.1463,1.014
4.771272001,-1.0024,-0.0584,0.1478,1.015
4.780698462,-1.0019,-0.0559,0.1458,1.014
4.781333308,-1.0037,-0.0566,0.1441,1.016
4.781530154,-1.0019,-0.0598,0.1453,1.014
4.781732001,-1.0012,-0.0591,0.1478,1.014
4.78281477,-1.0030,-0.0589,0.1453,1.015
4.78560677,-1.0015,-0.0591,0.1453,1.014
4.787267693,-1.0015,-0.0586,0.1449,1.014
4.790200924,-1.0017,-0.0569,0.1461,1.014
4.792000385,-1.0019,-0.0582,0.1451,1.014
4.796256308,-1.0019,-0.0596,0.1437,1.014
4.797029001,-1.0042,-0.0608,0.1441,1.016
4.799574231,-1.0019,-0.0579,0.1419,1.014
4.801705001,-1.0005,-0.0574,0.1437,1.012
4.804686847,-1.0015,-0.0577,0.1437,1.013
4.807303154,-1.0000,-0.0598,0.1437,1.012
4.808412078,-1.0015,-0.0598,0.1427,1.013
4.810791693,-1.0039,-0.0591,0.1427,1.016
4.813708385,-1.0024,-0.0574,0.1441,1.014
4.818776385,-1.0044,-0.0574,0.1444,1.016
4.819502231,-1.0000,-0.0571,0.1434,1.012
4.820281001,-1.0037,-0.0574,0.1427,1.015
4.822945847,-1.0049,-0.0591,0.1432,1.017
4.824892308,-1.0063,-0.0594,0.1444,1.018
4.828664924,-1.0051,-0.0591,0.1453,1.017
4.829681001,-1.0049,-0.0582,0.1427,1.017
4.832061231,-1.0049,-0.0574,0.1414,1.016
4.834798847,-1.0019,-0.0566,0.1407,1.013
4.836823078,-1.0017,-0.0562,0.1451,1.014
4.839420693,-1.0005,-0.0542,0.1441,1.012
4.841934539,-1.0019,-0.0566,0.1437,1.014
4.843971154,-1.0015,-0.0584,0.1421,1.013
4.846893847,-1.0032,-0.0569,0.1425,1.015
4.848549924,-1.0017,-0.0559,0.1444,1.014
4.852606231,-1.0039,-0.0577,0.1434,1.016
4.853388078,-1.0042,-0.0579,0.1446,1.016
4.856418231,-1.0032,-0.0574,0.1444,1.015
4.858074462,-1.0015,-0.0582,0.1463,1.014
4.860442154,-1.0028,-0.0574,0.1451,1.015
4.86340777,-1.0005,-0.0569,0.1437,1.012
4.865164693,-1.0015,-0.0552,0.1419,1.013
4.868831154,-1.0005,-0.0579,0.1429,1.012
4.870376693,-0.9975,-0.0562,0.1405,1.009
4.872691078,-0.9983,-0.0545,0.1421,1.010
4.879136693,-0.9979,-0.0571,0.1417,1.009
4.880120924,-1.0010,-0.0550,0.1417,1.012
4.880515078,-0.9979,-0.0571,0.1417,1.009
4.882791385,-0.9958,-0.0569,0.1407,1.007
4.898121924,-0.9954,-0.0547,0.1434,1.007
4.898956078,-0.9966,-0.0564,0.1427,1.008
4.899288385,-0.9949,-0.0540,0.1409,1.006
4.899582231,-0.9951,-0.0569,0.1421,1.007
4.899866539,-0.9947,-0.0562,0.1425,1.006
4.900085001,-0.9968,-0.0571,0.1427,1.009
4.900367693,-1.0003,-0.0569,0.1427,1.012
4.900637616,-0.9983,-0.0577,0.1421,1.010
4.903574539,-0.9993,-0.0564,0.1419,1.011
4.905755462,-1.0019,-0.0589,0.1421,1.014
4.907445539,-1.0030,-0.0571,0.1434,1.015
4.909980924,-1.0000,-0.0582,0.1432,1.012
4.912417539,-1.0010,-0.0571,0.1412,1.013
4.914689924,-1.0024,-0.0586,0.1432,1.014
4.917455385,-1.0024,-0.0569,0.1417,1.014
4.919276078,-1.0028,-0.0584,0.1425,1.014
4.921672078,-1.0010,-0.0574,0.1421,1.013
4.924113924,-1.0086,-0.0584,0.1425,1.020
4.927016078,-1.0061,-0.0577,0.1405,1.018
4.929763462,-1.0054,-0.0596,0.1402,1.017
4.931096078,-1.0037,-0.0591,0.1409,1.015
4.93334377,-1.0037,-0.0577,0.1417,1.015
4.935791693,-1.0047,-0.0552,0.1395,1.016
4.940424693,-1.0056,-0.0557,0.1400,1.017
4.941356078,-1.0022,-0.0571,0.1429,1.014
4.943347078,-1.0044,-0.0586,0.1425,1.016
4.945704308,-1.0051,-0.0606,0.1425,1.017
4.948369616,-1.0066,-0.0584,0.1402,1.018
4.95063577,-1.0049,-0.0571,0.1395,1.016
4.953195154,-1.0030,-0.0586,0.1417,1.015
4.954546231,-1.0035,-0.0577,0.1419,1.015
4.957608616,-1.0024,-0.0584,0.1421,1.014
4.960144924,-1.0019,-0.0577,0.1390,1.013
4.962025308,-0.9991,-0.0584,0.1409,1.011
4.964942462,-0.9998,-0.0601,0.1388,1.011
4.966850539,-0.9986,-0.0586,0.1393,1.010
4.969062462,-0.9981,-0.0582,0.1368,1.009
4.971787078,-0.9979,-0.0571,0.1400,1.009
4.978089231,-0.9995,-0.0566,0.1383,1.011
4.978944693,-0.9963,-0.0579,0.1370,1.007
4.979305539,-0.9988,-0.0584,0.1381,1.010
4.981376308,-0.9995,-0.0594,0.1376,1.011
4.984244924,-0.9988,-0.0589,0.1373,1.010
4.993232693,-1.0047,-0.0582,0.1376,1.016
4.994131462,-1.0012,-0.0589,0.1400,1.013
4.99447077,-1.0015,-0.0577,0.1383,1.013
4.994720001,-1.0049,-0.0564,0.1395,1.016
4.994967462,-1.0030,-0.0564,0.1393,1.014
4.997212385,-1.0030,-0.0586,0.1393,1.014
4.999838847,-1.0049,-0.0577,0.1390,1.016
5.002026154,-1.0042,-0.0591,0.1412,1.016
5.004216385,-1.0039,-0.0559,0.1395,1.015
5.007529924,-1.0042,-0.0571,0.1400,1.016
5.008921308,-1.0019,-0.0584,0.1393,1.013
5.01149477,-1.0032,-0.0589,0.1388,1.014
5.013757847,-1.0042,-0.0596,0.1393,1.016
5.018937924,-1.0049,-0.0589,0.1395,1.016
5.019759385,-1.0035,-0.0577,0.1427,1.015
5.020953847,-1.0044,-0.0582,0.1425,1.016
5.023560078,-1.0032,-0.0562,0.1417,1.015
5.026078539,-1.0019,-0.0545,0.1405,1.013
5.030227462,-0.9986,-0.0562,0.1368,1.009
5.030994154,-0.9973,-0.0584,0.1393,1.009
5.03277577,-0.9993,-0.0586,0.1409,1.011
5.035387078,-0.9981,-0.0569,0.1402,1.009
5.037414231,-0.9973,-0.0564,0.1405,1.009
5.040683693,-0.9979,-0.0579,0.1412,1.009
5.042389847,-0.9975,-0.0571,0.1397,1.009
5.044451078,-0.9995,-0.0557,0.1405,1.011
5.047039693,-1.0015,-0.0571,0.1421,1.013
5.050706847,-0.9993,-0.0554,0.1444,1.011
5.051345924,-0.9991,-0.0557,0.1407,1.010
5.053980308,-0.9995,-0.0545,0.1409,1.011
5.057741924,-0.9963,-0.0557,0.1414,1.008
5.058648385,-0.9958,-0.0542,0.1453,1.008
5.066592616,-1.0005,-0.0564,0.1425,1.012
5.067501616,-1.0028,-0.0564,0.1412,1.014
5.067849231,-1.0030,-0.0569,0.1446,1.015
5.068120078,-1.0017,-0.0574,0.1427,1.013
5.070401616,-1.0017,-0.0582,0.1412,1.013
5.081513616,-1.0037,-0.0594,0.1419,1.015
5.082258462,-1.0042,-0.0574,0.1402,1.016
5.082545001,-1.0007,-0.0598,0.1419,1.012
5.082738154,-1.0015,-0.0586,0.1400,1.013
5.083009616,-1.0028,-0.0571,0.1402,1.014
5.085053616,-1.0042,-0.0589,0.1419,1.016
5.087527693,-1.0032,-0.0586,0.1412,1.015
5.089439078,-1.0054,-0.0582,0.1414,1.017
5.091876924,-1.0044,-0.0598,0.1412,1.016
5.095050231,-1.0047,-0.0586,0.1397,1.016
5.097215385,-1.0049,-0.0579,0.1365,1.016
5.10097877,-1.0030,-0.0550,0.1393,1.014
5.101377308,-1.0051,-0.0591,0.1402,1.017
5.103320616,-1.0028,-0.0601,0.1409,1.014
5.108388616,-1.0066,-0.0579,0.1393,1.018
5.108725308,-1.0024,-0.0569,0.1381,1.014
5.110483462,-1.0047,-0.0564,0.1400,1.016
5.112736924,-1.0019,-0.0584,0.1405,1.013
5.114960924,-1.0019,-0.0579,0.1419,1.014
5.118589616,-1.0010,-0.0589,0.1407,1.013
5.120685847,-1.0024,-0.0579,0.1400,1.014
5.122458539,-1.0028,-0.0579,0.1412,1.014
5.124452616,-1.0019,-0.0589,0.1402,1.013
5.126803693,-1.0010,-0.0601,0.1409,1.013
5.130702231,-0.9991,-0.0620,0.1400,1.011
5.131490154,-1.0030,-0.0608,0.1405,1.015
5.13441577,-1.0030,-0.0589,0.1414,1.015
5.136440616,-1.0019,-0.0589,0.1427,1.014
5.139836616,-1.0037,-0.0559,0.1405,1.015
5.141059462,-0.9998,-0.0571,0.1405,1.011
5.143360616,-0.9995,-0.0574,0.1407,1.011
5.146004693,-0.9998,-0.0559,0.1427,1.011
5.148508001,-0.9986,-0.0571,0.1429,1.010
5.151814539,-1.0032,-0.0566,0.1414,1.015
5.152794462,-1.0028,-0.0577,0.1412,1.014
5.155792693,-1.0042,-0.0589,0.1429,1.016
5.158028308,-1.0024,-0.0589,0.1402,1.014
5.160186231,-1.0044,-0.0559,0.1405,1.016
5.162478154,-1.0019,-0.0574,0.1405,1.013
5.164718539,-1.0012,-0.0571,0.1400,1.013
5.167707078,-1.0019,-0.0574,0.1409,1.013
5.169715385,-1.0032,-0.0569,0.1400,1.014
5.172264078,-1.0015,-0.0577,0.1378,1.013
5.179643078,-1.0019,-0.0564,0.1373,1.013
5.180641231,-1.0019,-0.0596,0.1365,1.013
5.185224001,-1.0032,-0.0577,0.1368,1.014
5.185531154,-1.0042,-0.0579,0.1353,1.015
5.185785001,-1.0032,-0.0564,0.1358,1.014
5.186240385,-1.0007,-0.0574,0.1353,1.011
5.191593001,-1.0000,-0.0577,0.1376,1.011
5.191995462,-1.0003,-0.0594,0.1376,1.011
5.192874154,-1.0019,-0.0584,0.1383,1.013
5.195314231,-1.0030,-0.0566,0.1400,1.014
5.19775977,-1.0059,-0.0579,0.1400,1.017
5.200420385,-1.0010,-0.0608,0.1405,1.013
5.202745001,-0.9995,-0.0598,0.1414,1.011
5.204882154,-1.0015,-0.0594,0.1427,1.013
5.207186154,-1.0032,-0.0564,0.1414,1.015
5.209400078,-1.0051,-0.0552,0.1434,1.017
5.212057924,-1.0051,-0.0564,0.1425,1.017
5.214691462,-1.0051,-0.0579,0.1405,1.017
5.219054539,-1.0005,-0.0584,0.1419,1.012
5.22015077,-1.0010,-0.0579,0.1432,1.013
5.221361001,-0.9979,-0.0574,0.1421,1.010
5.223688693,-1.0005,-0.0562,0.1412,1.012
5.225976385,-1.0047,-0.0564,0.1444,1.017
5.228819462,-1.0010,-0.0564,0.1434,1.013
5.231736616,-0.9973,-0.0562,0.1405,1.009
5.233669308,-0.9986,-0.0586,0.1429,1.010
5.235485539,-1.0005,-0.0547,0.1446,1.012
5.238629308,-1.0005,-0.0559,0.1427,1.012
5.241285539,-0.9981,-0.0582,0.1407,1.010
5.242659462,-0.9993,-0.0579,0.1402,1.011
5.245074462,-0.9986,-0.0569,0.1397,1.010
5.247756616,-0.9993,-0.0589,0.1412,1.011
5.250133539,-0.9988,-0.0582,0.1395,1.010
5.25259077,-0.9983,-0.0569,0.1393,1.010
5.255668001,-0.9981,-0.0569,0.1388,1.009
5.257631385,-0.9981,-0.0566,0.1402,1.009
5.259577616,-0.9981,-0.0579,0.1419,1.010
5.261962847,-1.0030,-0.0571,0.1409,1.014
5.264023385,-1.0012,-0.0566,0.1409,1.013
5.266823385,-1.0028,-0.0552,0.1412,1.014
5.269071154,-1.0019,-0.0564,0.1421,1.014
5.273135385,-1.0042,-0.0596,0.1421,1.016
5.274072693,-1.0030,-0.0586,0.1421,1.015
5.280473616,-1.0030,-0.0577,0.1429,1.015
5.281437539,-1.0019,-0.0577,0.1407,1.013
5.282046847,-1.0022,-0.0586,0.1402,1.014
5.282628616,-1.0044,-0.0618,0.1421,1.016
5.285390462,-1.0032,-0.0603,0.1421,1.015
5.298048616,-1.0030,-0.0579,0.1429,1.015
5.29869477,-1.0059,-0.0613,0.1419,1.018
5.298986847,-1.0028,-0.0598,0.1402,1.014
5.299245308,-1.0042,-0.0562,0.1412,1.016
5.299477924,-1.0056,-0.0562,0.1451,1.018
5.299694847,-1.0066,-0.0577,0.1348,1.017
5.302676308,-1.0024,-0.0608,0.1344,1.013
5.303890462,-1.0010,-0.0603,0.1514,1.014
5.306541539,-1.0028,-0.0586,0.1468,1.015
5.308770539,-1.0032,-0.0571,0.1344,1.014
5.311468385,-1.0049,-0.0579,0.1351,1.016
5.313652308,-1.0007,-0.0571,0.1439,1.013
5.315653308,-1.0000,-0.0596,0.1409,1.012
5.318818154,-0.9991,-0.0562,0.1381,1.010
5.320873231,-1.0030,-0.0550,0.1356,1.014
5.323004385,-1.0007,-0.0533,0.1412,1.012
5.325159154,-1.0005,-0.0571,0.1402,1.012
5.328158154,-0.9986,-0.0584,0.1405,1.010
5.330826462,-1.0030,-0.0594,0.1393,1.014
5.332329847,-1.0037,-0.0582,0.1397,1.015
5.334784385,-1.0015,-0.0569,0.1397,1.013
5.33691577,-1.0015,-0.0562,0.1409,1.013
5.340490539,-1.0019,-0.0598,0.1390,1.013
5.341780308,-0.9995,-0.0596,0.1409,1.011
5.344381231,-0.9998,-0.0571,0.1393,1.011
5.346489539,-1.0030,-0.0538,0.1376,1.014
5.349318462,-1.0024,-0.0582,0.1397,1.014
5.352102539,-1.0007,-0.0603,0.1409,1.012
5.353447462,-1.0015,-0.0579,0.1397,1.013
5.355781924,-1.0015,-0.0566,0.1407,1.013
5.358772001,-1.0007,-0.0586,0.1409,1.012
5.36137977,-1.0003,-0.0569,0.1417,1.012
5.36387577,-0.9968,-0.0552,0.1425,1.008
5.365287693,-0.9949,-0.0559,0.1407,1.006
5.367963693,-1.0003,-0.0566,0.1393,1.012
5.37023477,-0.9981,-0.0562,0.1395,1.009
5.372495462,-1.0037,-0.0579,0.1388,1.015
5.379994154,-1.0003,-0.0574,0.1395,1.012
5.385633847,-1.0005,-0.0579,0.1400,1.012
5.386226154,-0.9993,-0.0562,0.1395,1.011
5.386442154,-0.9983,-0.0564,0.1388,1.009
5.386599462,-1.0007,-0.0582,0.1376,1.012
5.386818231,-1.0003,-0.0562,0.1321,1.011
5.39411477,-0.9993,-0.0547,0.1329,1.010
5.394940693,-1.0028,-0.0562,0.1393,1.014
5.395249539,-1.0003,-0.0584,0.1363,1.011
5.396836693,-1.0017,-0.0615,0.1346,1.013
5.398541001,-1.0003,-0.0633,0.1341,1.011
5.400780078,-0.9993,-0.0620,0.1327,1.010
5.403537001,-1.0019,-0.0608,0.1332,1.013
5.406846847,-1.0037,-0.0594,0.1339,1.014
5.409179078,-1.0059,-0.0577,0.1358,1.017
5.411893847,-1.0049,-0.0574,0.1388,1.016
5.414144001,-1.0054,-0.0586,0.1376,1.016
5.415450462,-1.0063,-0.0594,0.1378,1.017
5.418267462,-1.0084,-0.0589,0.1405,1.020
5.419258231,-1.0081,-0.0591,0.1412,1.020
5.421799693,-1.0061,-0.0601,0.1419,1.018
5.424170462,-1.0005,-0.0589,0.1393,1.012
5.426722154,-1.0051,-0.0579,0.1407,1.017
5.429455078,-1.0044,-0.0574,0.1378,1.015
5.431315385,-1.0035,-0.0579,0.1376,1.015
5.433760308,-1.0042,-0.0571,0.1395,1.015
5.436278154,-1.0042,-0.0557,0.1400,1.015
5.438360308,-1.0039,-0.0554,0.1402,1.015
5.440912924,-1.0039,-0.0559,0.1427,1.016
5.44311577,-1.0007,-0.0574,0.1412,1.012
5.445661001,-1.0032,-0.0559,0.1417,1.015
5.447996078,-1.0049,-0.0566,0.1434,1.017
5.450356616,-1.0015,-0.0582,0.1434,1.013
5.452552924,-1.0061,-0.0574,0.1432,1.018
5.454911154,-1.0047,-0.0535,0.1453,1.017
5.457519078,-1.0010,-0.0574,0.1449,1.013
5.460996385,-0.9975,-0.0579,0.1434,1.009
5.46217977,-0.9970,-0.0582,0.1419,1.009
5.46672677,-0.9973,-0.0584,0.1429,1.009
5.470935693,-0.9975,-0.0559,0.1412,1.009
5.471568693,-0.9973,-0.0579,0.1437,1.009
5.471724308,-0.9988,-0.0584,0.1461,1.011
5.474127385,-1.0010,-0.0577,0.1439,1.013
5.482015462,-1.0010,-0.0559,0.1470,1.013
5.48248277,-1.0030,-0.0557,0.1474,1.015
5.482647462,-1.0012,-0.0574,0.1444,1.013
5.484228385,-1.0015,-0.0584,0.1444,1.014
5.48735077,-1.0005,-0.0557,0.1446,1.012
5.488010539,-1.0007,-0.0596,0.1421,1.013
5.490206462,-1.0012,-0.0586,0.1465,1.014
5.492509539,-1.0024,-0.0538,0.1434,1.014
5.495555385,-1.0019,-0.0562,0.1458,1.014
5.49766377,-1.0028,-0.0547,0.1451,1.015
5.49961177,-1.0035,-0.0562,0.1456,1.016
5.502052308,-1.0012,-0.0562,0.1441,1.013
5.504521539,-1.0012,-0.0569,0.1474,1.014
5.506916308,-1.0007,-0.0582,0.1437,1.013
5.509309001,-1.0015,-0.0603,0.1409,1.013
5.511554847,-1.0003,-0.0586,0.1421,1.012
5.514006154,-0.9979,-0.0601,0.1412,1.010
5.517383154,-0.9981,-0.0579,0.1414,1.010
5.519274847,-0.9975,-0.0589,0.1412,1.009
5.521328616,-0.9995,-0.0564,0.1449,1.012
5.523463462,-1.0028,-0.0550,0.1476,1.015
5.525643154,-1.0056,-0.0520,0.1474,1.018
5.532781924,-1.0073,-0.0564,0.1478,1.020
5.533366462,-1.0039,-0.0613,0.1486,1.017
5.53377077,-1.0010,-0.0618,0.1461,1.014
5.535291462,-1.0019,-0.0623,0.1427,1.014
5.53758377,-1.0015,-0.0603,0.1432,1.014
5.540877231,-1.0037,-0.0606,0.1444,1.016
5.542208616,-1.0063,-0.0589,0.1470,1.019
5.544622462,-1.0037,-0.0606,0.1446,1.016
5.547061847,-1.0028,-0.0608,0.1449,1.015
5.549456001,-1.0047,-0.0577,0.1444,1.017
5.552057539,-1.0037,-0.0584,0.1437,1.016
5.554185616,-1.0022,-0.0566,0.1437,1.014
5.556474154,-1.0051,-0.0596,0.1417,1.017
5.558594231,-1.0039,-0.0610,0.1429,1.016
5.561675693,-1.0024,-0.0601,0.1414,1.014
5.563617847,-1.0022,-0.0577,0.1405,1.014
5.565783154,-1.0037,-0.0594,0.1390,1.015
5.568439385,-1.0012,-0.0594,0.1400,1.013
5.57062677,-1.0015,-0.0596,0.1397,1.013
5.574330231,-1.0003,-0.0606,0.1390,1.012
5.578156924,-0.9998,-0.0571,0.1388,1.011
5.57851577,-0.9995,-0.0577,0.1376,1.011
5.579929539,-0.9975,-0.0589,0.1400,1.009
5.583658231,-0.9998,-0.0589,0.1412,1.011
5.593109616,-0.9981,-0.0574,0.1393,1.009
5.593608616,-0.9970,-0.0577,0.1397,1.008
5.593805001,-1.0000,-0.0591,0.1388,1.011
5.594240693,-0.9986,-0.0596,0.1417,1.010
5.594443385,-1.0003,-0.0574,0.1419,1.012
